{
  "participants": {
    "lukas2": {
      "ID": "lukas2",
      "pages": [
        {
          "pageID": "",
          "timeLines": {
            "New set 2_e537c99f-c85e-4df3-965a-1e6b5e0ff78c": [
              {
                "timeStart": 0.0,
                "timeStop": 4799.0,
                "annotationsMap": {
                  "a": "Manchmal",
                  "c": ""
                }
              }
            ],
            "New set_e26842c3-834f-4f8f-9f44-5db1c06ffb4c": [
              {
                "timeStart": 0.0,
                "timeStop": 4799.0,
                "annotationsMap": {
                  "a": "Manchmal",
                  "b": "5"
                }
              }
            ]
          }
        }
      ]
    },
    "lukas3": {
      "ID": "lukas3",
      "pages": [
        {
          "pageID": "",
          "timeLines": {}
        }
      ]
    },
    "lukas": {
      "ID": "lukas",
      "pages": [
        {
          "pageID": "",
          "timeLines": {}
        }
      ]
    },
    "lukas4": {
      "ID": "lukas4",
      "pages": [
        {
          "pageID": "",
          "timeLines": {}
        }
      ]
    }
  },
  "projectTags": {
    "New set 3_1ad82ee2-2018-4a4d-b630-eea139f8a687": {
      "tagID": "New set 3_1ad82ee2-2018-4a4d-b630-eea139f8a687",
      "tag": "New set 3",
      "simpleColor": {
        "r": 0.0,
        "g": 0.0,
        "b": 1.0,
        "o": 1.0
      },
      "mainTopicID": "a",
      "topicsMap": {
        "a": {
          "topicName": "a",
          "topicID": "a"
        },
        "c": {
          "topicName": "c",
          "topicID": "c"
        }
      }
    },
    "New set 2_e537c99f-c85e-4df3-965a-1e6b5e0ff78c": {
      "tagID": "New set 2_e537c99f-c85e-4df3-965a-1e6b5e0ff78c",
      "tag": "New set 2",
      "simpleColor": {
        "r": 0.0,
        "g": 0.0,
        "b": 1.0,
        "o": 1.0
      },
      "mainTopicID": "c",
      "topicsMap": {
        "a": {
          "topicName": "a",
          "topicID": "a"
        },
        "c": {
          "topicName": "c",
          "topicID": "c"
        }
      }
    },
    "New set_e26842c3-834f-4f8f-9f44-5db1c06ffb4c": {
      "tagID": "New set_e26842c3-834f-4f8f-9f44-5db1c06ffb4c",
      "tag": "New set",
      "simpleColor": {
        "r": 0.0,
        "g": 0.0,
        "b": 1.0,
        "o": 1.0
      },
      "mainTopicID": "a",
      "topicsMap": {
        "a": {
          "topicName": "a",
          "topicID": "a"
        },
        "b": {
          "topicName": "b",
          "topicID": "b"
        }
      }
    }
  }
}