{
  "participants": {
    "Isa": {
      "ID": "Isa",
      "pages": [
        {
          "timeLines": {
            "New Timelineg": [
              {
                "annotationText": "Generated Annotation",
                "timeStart": 6794.0,
                "timeStop": 6989.0
              },
              {
                "annotationText": "Generated Annotation",
                "timeStart": 7486.0,
                "timeStop": 7892.0
              },
              {
                "annotationText": "Generated Annotation",
                "timeStart": 29581.0,
                "timeStop": 30129.0
              }
            ],
            "teil s": [
              {
                "annotationText": "Generated Annotation",
                "timeStart": 29731.0,
                "timeStop": 30069.0
              }
            ],
            "words": [
              {
                "annotationText": "es",
                "timeStart": 0.0,
                "timeStop": 2901.0
              },
              {
                "annotationText": "ch",
                "timeStart": 30313.0,
                "timeStop": 31049.0
              },
              {
                "annotationText": "Annotation text",
                "timeStart": 3896.126347505032,
                "timeStop": 4283.368114295593
              },
              {
                "annotationText": "sdjhfjasd",
                "timeStart": 4465.1346578911625,
                "timeStop": 5081.560327476137
              }
            ],
            "New Timeline": [
              {
                "annotationText": "Generated Annotation",
                "timeStart": 0.0,
                "timeStop": 743.0
              },
              {
                "annotationText": "Generated Annotation",
                "timeStart": 1463.0,
                "timeStop": 1665.0
              },
              {
                "annotationText": "Generated Annotation",
                "timeStart": 2195.0,
                "timeStop": 2901.0
              },
              {
                "annotationText": "Generated Annotation",
                "timeStart": 8913.0,
                "timeStop": 9619.0
              },
              {
                "annotationText": "Generated Annotation",
                "timeStart": 9942.0,
                "timeStop": 10415.0
              },
              {
                "annotationText": "Generated Annotation",
                "timeStart": 10545.0,
                "timeStop": 10861.0
              },
              {
                "annotationText": "Generated Annotation",
                "timeStart": 11052.0,
                "timeStop": 11465.0
              },
              {
                "annotationText": "Generated Annotation",
                "timeStart": 11731.0,
                "timeStop": 12174.0
              },
              {
                "annotationText": "Generated Annotation",
                "timeStart": 30313.0,
                "timeStop": 30651.0
              },
              {
                "annotationText": "Generated Annotation",
                "timeStart": 30793.0,
                "timeStop": 31251.0
              },
              {
                "annotationText": "Generated Annotation",
                "timeStart": 31814.0,
                "timeStop": 32340.0
              },
              {
                "annotationText": "Generated Annotation",
                "timeStart": 32477.0,
                "timeStop": 33303.0
              }
            ]
          }
        }
      ]
    },
    "Rene": {
      "ID": "Rene",
      "pages": [
        {
          "timeLines": {}
        }
      ]
    }
  },
  "projectTags": {
    "New Timelineg": {
      "tag": "New Timelineg",
      "simpleColor": {
        "r": 0.4000000059604645,
        "g": 0.3019607961177826,
        "b": 0.7019608020782471,
        "o": 1.0
      }
    },
    "teil s": {
      "tag": "teil s",
      "simpleColor": {
        "r": 0.37254902720451355,
        "g": 0.6196078658103943,
        "b": 0.6274510025978088,
        "o": 1.0
      }
    },
    "words": {
      "tag": "words",
      "simpleColor": {
        "r": 1.0,
        "g": 0.0,
        "b": 1.0,
        "o": 1.0
      }
    },
    "New Timeline": {
      "tag": "New Timeline",
      "simpleColor": {
        "r": 0.37254902720451355,
        "g": 0.6196078658103943,
        "b": 0.6274510025978088,
        "o": 1.0
      }
    }
  }
}