{
  "participants": {
    "lukas2": {
      "ID": "lukas2",
      "pages": [
        {
          "timeLines": {
            "New Timeline 2": [
              {
                "annotationText": "Annotation text",
                "timeStart": 630.0,
                "timeStop": 8710.0
              }
            ],
            "New Timeline": [
              {
                "annotationText": "Annotation text",
                "timeStart": 990.0,
                "timeStop": 4190.0
              },
              {
                "annotationText": "Annotation text",
                "timeStart": 5670.0,
                "timeStop": 6830.0
              }
            ]
          }
        }
      ]
    },
    "lukas3": {
      "ID": "lukas3",
      "pages": [
        {
          "timeLines": {}
        }
      ]
    },
    "lukas": {
      "ID": "lukas",
      "pages": [
        {
          "timeLines": {}
        }
      ]
    },
    "lukas4": {
      "ID": "lukas4",
      "pages": [
        {
          "timeLines": {}
        }
      ]
    }
  },
  "projectTags": {
    "New Timeline 2": {
      "tag": "New Timeline 2",
      "simpleColor": {
        "r": 0.37254902720451355,
        "g": 0.6196078658103943,
        "b": 0.6274510025978088,
        "o": 1.0
      }
    },
    "New Timeline": {
      "tag": "New Timeline",
      "simpleColor": {
        "r": 0.37254902720451355,
        "g": 0.6196078658103943,
        "b": 0.6274510025978088,
        "o": 1.0
      }
    }
  }
}