[  {    "Id": "c",    "Pages": [      {        "Section": 3,        "Owner": 27,        "Book": 603,        "Number": 150,        "X1": 0.0,        "Y1": 0.0,        "X2": 0.0,        "Y2": 0.0,        "MarginL": 0.0,        "MarginR": 0.0,        "MarginT": 0.0,        "MarginB": 0.0,        "Strokes": [          {            "TimeStart": 1574944130807,            "TimeEnd": 1574944131213,            "CompressedDots": [              {                "X": 24,                "Fx": 77,                "Y": 28,                "Fy": 17,                "TiltX": 0,                "TiltY": 0,                "Twist": 0,                "Force": 0.296948344,                "DotType": 0,                "TimeDiff": 0              },              {                "X": 24,                "Fx": 79,                "Y": 28,                "Fy": 13,                "TiltX": 0,                "TiltY": 0,                "Twist": 0,                "Force": 0.326291084,                "DotType": 1,                "TimeDiff": 8              },              {                "X": 24,                "Fx": 82,                "Y": 28,                "Fy": 8,                "TiltX": 0,                "TiltY": 0,                "Twist": 0,                "Force": 0.35915494,                "DotType": 1,                "TimeDiff": 8              },              {                "X": 24,                "Fx": 85,                "Y": 28,                "Fy": 2,                "TiltX": 0,                "TiltY": 0,                "Twist": 0,                "Force": 0.3955399,                "DotType": 1,                "TimeDiff": 7              },              {                "X": 24,                "Fx": 88,                "Y": 27,                "Fy": 96,                "TiltX": 0,                "TiltY": 0,                "Twist": 0,                "Force": 0.435446024,                "DotType": 1,                "TimeDiff": 8              },              {                "X": 24,                "Fx": 89,                "Y": 27,                "Fy": 93,                "TiltX": 0,                "TiltY": 0,                "Twist": 0,                "Force": 0.478873253,                "DotType": 1,                "TimeDiff": 7              },              {                "X": 24,                "Fx": 90,                "Y": 27,                "Fy": 89,                "TiltX": 0,                "TiltY": 0,                "Twist": 0,                "Force": 0.5269953,                "DotType": 1,                "TimeDiff": 8              },              {                "X": 24,                "Fx": 91,                "Y": 27,                "Fy": 85,                "TiltX": 0,                "TiltY": 0,                "Twist": 0,                "Force": 0.5798122,                "DotType": 1,                "TimeDiff": 7              },              {                "X": 24,                "Fx": 92,                "Y": 27,                "Fy": 83,                "TiltX": 0,                "TiltY": 0,                "Twist": 0,                "Force": 0.6373239,                "DotType": 1,                "TimeDiff": 8              },              {                "X": 24,                "Fx": 93,                "Y": 27,                "Fy": 79,                "TiltX": 0,                "TiltY": 0,                "Twist": 0,                "Force": 0.7007042,                "DotType": 1,                "TimeDiff": 7              },              {                "X": 24,                "Fx": 93,                "Y": 27,                "Fy": 75,                "TiltX": 0,                "TiltY": 0,                "Twist": 0,                "Force": 0.771126747,                "DotType": 1,                "TimeDiff": 8              },              {                "X": 24,                "Fx": 94,                "Y": 27,                "Fy": 72,                "TiltX": 0,                "TiltY": 0,                "Twist": 0,                "Force": 0.848591566,                "DotType": 1,                "TimeDiff": 7              },              {                "X": 24,                "Fx": 94,                "Y": 27,                "Fy": 66,                "TiltX": 0,                "TiltY": 0,                "Twist": 0,                "Force": 0.9330986,                "DotType": 1,                "TimeDiff": 15              },              {                "X": 24,                "Fx": 93,                "Y": 27,                "Fy": 62,                "TiltX": 0,                "TiltY": 0,                "Twist": 0,                "Force": 0.996478856,                "DotType": 1,                "TimeDiff": 8              },              {                "X": 24,                "Fx": 93,                "Y": 27,                "Fy": 58,                "TiltX": 0,                "TiltY": 0,                "Twist": 0,                "Force": 0.996478856,                "DotType": 1,                "TimeDiff": 7              },              {                "X": 24,                "Fx": 88,                "Y": 27,                "Fy": 51,                "TiltX": 0,                "TiltY": 0,                "Twist": 0,                "Force": 0.9976526,                "DotType": 1,                "TimeDiff": 15              },              {                "X": 24,                "Fx": 86,                "Y": 27,                "Fy": 49,                "TiltX": 0,                "TiltY": 0,                "Twist": 0,                "Force": 0.9976526,                "DotType": 1,                "TimeDiff": 8              },              {                "X": 24,                "Fx": 83,                "Y": 27,                "Fy": 47,                "TiltX": 0,                "TiltY": 0,                "Twist": 0,                "Force": 0.998826265,                "DotType": 1,                "TimeDiff": 7              },              {                "X": 24,                "Fx": 80,                "Y": 27,                "Fy": 46,                "TiltX": 0,                "TiltY": 0,                "Twist": 0,                "Force": 0.998826265,                "DotType": 1,                "TimeDiff": 8              },              {                "X": 24,                "Fx": 73,                "Y": 27,                "Fy": 42,                "TiltX": 0,                "TiltY": 0,                "Twist": 0,                "Force": 0.998826265,                "DotType": 1,                "TimeDiff": 7              },              {                "X": 24,                "Fx": 69,                "Y": 27,                "Fy": 42,                "TiltX": 0,                "TiltY": 0,                "Twist": 0,                "Force": 1.0,                "DotType": 1,                "TimeDiff": 8              },              {                "X": 24,                "Fx": 57,                "Y": 27,                "Fy": 40,                "TiltX": 0,                "TiltY": 0,                "Twist": 0,                "Force": 1.0,                "DotType": 1,                "TimeDiff": 15              },              {                "X": 24,                "Fx": 51,                "Y": 27,                "Fy": 40,                "TiltX": 0,                "TiltY": 0,                "Twist": 0,                "Force": 1.0,                "DotType": 1,                "TimeDiff": 15              },              {                "X": 24,                "Fx": 48,                "Y": 27,                "Fy": 42,                "TiltX": 0,                "TiltY": 0,                "Twist": 0,                "Force": 1.0,                "DotType": 1,                "TimeDiff": 7              },              {                "X": 24,                "Fx": 39,                "Y": 27,                "Fy": 46,                "TiltX": 0,                "TiltY": 0,                "Twist": 0,                "Force": 1.0,                "DotType": 1,                "TimeDiff": 8              },              {                "X": 24,                "Fx": 25,                "Y": 27,                "Fy": 58,                "TiltX": 0,                "TiltY": 0,                "Twist": 0,                "Force": 1.0,                "DotType": 1,                "TimeDiff": 15              },              {                "X": 24,                "Fx": 9,                "Y": 27,                "Fy": 78,                "TiltX": 0,                "TiltY": 0,                "Twist": 0,                "Force": 1.0,                "DotType": 1,                "TimeDiff": 15              },              {                "X": 23,                "Fx": 99,                "Y": 27,                "Fy": 99,                "TiltX": 0,                "TiltY": 0,                "Twist": 0,                "Force": 1.0,                "DotType": 1,                "TimeDiff": 15              },              {                "X": 23,                "Fx": 90,                "Y": 28,                "Fy": 37,                "TiltX": 0,                "TiltY": 0,                "Twist": 0,                "Force": 1.0,                "DotType": 1,                "TimeDiff": 22              },              {                "X": 23,                "Fx": 89,                "Y": 28,                "Fy": 51,                "TiltX": 0,                "TiltY": 0,                "Twist": 0,                "Force": 1.0,                "DotType": 1,                "TimeDiff": 8              },              {                "X": 23,                "Fx": 86,                "Y": 28,                "Fy": 64,                "TiltX": 0,                "TiltY": 0,                "Twist": 0,                "Force": 1.0,                "DotType": 1,                "TimeDiff": 7              },              {                "X": 23,                "Fx": 86,                "Y": 28,                "Fy": 76,                "TiltX": 0,                "TiltY": 0,                "Twist": 0,                "Force": 1.0,                "DotType": 1,                "TimeDiff": 8              },              {                "X": 23,                "Fx": 88,                "Y": 28,                "Fy": 85,                "TiltX": 0,                "TiltY": 0,                "Twist": 0,                "Force": 1.0,                "DotType": 1,                "TimeDiff": 7              },              {                "X": 23,                "Fx": 94,                "Y": 28,                "Fy": 99,                "TiltX": 0,                "TiltY": 0,                "Twist": 0,                "Force": 1.0,                "DotType": 1,                "TimeDiff": 15              },              {                "X": 23,                "Fx": 98,                "Y": 29,                "Fy": 1,                "TiltX": 0,                "TiltY": 0,                "Twist": 0,                "Force": 1.0,                "DotType": 1,                "TimeDiff": 8              },              {                "X": 24,                "Fx": 2,                "Y": 29,                "Fy": 2,                "TiltX": 0,                "TiltY": 0,                "Twist": 0,                "Force": 1.0,                "DotType": 1,                "TimeDiff": 7              },              {                "X": 24,                "Fx": 65,                "Y": 28,                "Fy": 85,                "TiltX": 0,                "TiltY": 0,                "Twist": 0,                "Force": 0.996478856,                "DotType": 1,                "TimeDiff": 30              },              {                "X": 24,                "Fx": 87,                "Y": 28,                "Fy": 76,                "TiltX": 0,                "TiltY": 0,                "Twist": 0,                "Force": 0.955399036,                "DotType": 1,                "TimeDiff": 15              },              {                "X": 24,                "Fx": 98,                "Y": 28,                "Fy": 69,                "TiltX": 0,                "TiltY": 0,                "Twist": 0,                "Force": 0.8603286,                "DotType": 1,                "TimeDiff": 8              },              {                "X": 25,                "Fx": 5,                "Y": 28,                "Fy": 63,                "TiltX": 0,                "TiltY": 0,                "Twist": 0,                "Force": 0.7746479,                "DotType": 1,                "TimeDiff": 8              },              {                "X": 25,                "Fx": 9,                "Y": 28,                "Fy": 59,                "TiltX": 0,                "TiltY": 0,                "Twist": 0,                "Force": 0.6971831,                "DotType": 1,                "TimeDiff": 7              },              {                "X": 25,                "Fx": 9,                "Y": 28,                "Fy": 59,                "TiltX": 0,                "TiltY": 0,                "Twist": 0,                "Force": 0.6279343,                "DotType": 2,                "TimeDiff": 0              }            ]          },          {            "TimeStart": 1574944131569,            "TimeEnd": 1574944131929,            "CompressedDots": [              {                "X": 25,                "Fx": 24,                "Y": 28,                "Fy": 91,                "TiltX": 0,                "TiltY": 0,                "Twist": 0,                "Force": 0.117370889,                "DotType": 0,                "TimeDiff": 0              },              {                "X": 25,                "Fx": 22,                "Y": 28,                "Fy": 91,                "TiltX": 0,                "TiltY": 0,                "Twist": 0,                "Force": 0.129107982,                "DotType": 1,                "TimeDiff": 7              },              {                "X": 25,                "Fx": 21,                "Y": 28,                "Fy": 91,                "TiltX": 0,                "TiltY": 0,                "Twist": 0,                "Force": 0.14201878,                "DotType": 1,                "TimeDiff": 8              },              {                "X": 25,                "Fx": 21,                "Y": 28,                "Fy": 89,                "TiltX": 0,                "TiltY": 0,                "Twist": 0,                "Force": 0.156103283,                "DotType": 1,                "TimeDiff": 15              },              {                "X": 25,                "Fx": 24,                "Y": 28,                "Fy": 85,                "TiltX": 0,                "TiltY": 0,                "Twist": 0,                "Force": 0.1713615,                "DotType": 1,                "TimeDiff": 15              },              {                "X": 25,                "Fx": 26,                "Y": 28,                "Fy": 82,                "TiltX": 0,                "TiltY": 0,                "Twist": 0,                "Force": 0.188967139,                "DotType": 1,                "TimeDiff": 8              },              {                "X": 25,                "Fx": 29,                "Y": 28,                "Fy": 79,                "TiltX": 0,                "TiltY": 0,                "Twist": 0,                "Force": 0.207746476,                "DotType": 1,                "TimeDiff": 7              },              {                "X": 25,                "Fx": 31,                "Y": 28,                "Fy": 75,                "TiltX": 0,                "TiltY": 0,                "Twist": 0,                "Force": 0.228873238,                "DotType": 1,                "TimeDiff": 8              },              {                "X": 25,                "Fx": 37,                "Y": 28,                "Fy": 69,                "TiltX": 0,                "TiltY": 0,                "Twist": 0,                "Force": 0.2523474,                "DotType": 1,                "TimeDiff": 7              },              {                "X": 25,                "Fx": 43,                "Y": 28,                "Fy": 61,                "TiltX": 0,                "TiltY": 0,                "Twist": 0,                "Force": 0.278169,                "DotType": 1,                "TimeDiff": 8              },              {                "X": 25,                "Fx": 56,                "Y": 28,                "Fy": 44,                "TiltX": 0,                "TiltY": 0,                "Twist": 0,                "Force": 0.306338042,                "DotType": 1,                "TimeDiff": 15              },              {                "X": 25,                "Fx": 85,                "Y": 28,                "Fy": 10,                "TiltX": 0,                "TiltY": 0,                "Twist": 0,                "Force": 0.336854458,                "DotType": 1,                "TimeDiff": 22              },              {                "X": 26,                "Fx": 27,                "Y": 27,                "Fy": 55,                "TiltX": 0,                "TiltY": 0,                "Twist": 0,                "Force": 0.370892018,                "DotType": 1,                "TimeDiff": 30              },              {                "X": 26,                "Fx": 45,                "Y": 27,                "Fy": 25,                "TiltX": 0,                "TiltY": 0,                "Twist": 0,                "Force": 0.4084507,                "DotType": 1,                "TimeDiff": 30              },              {                "X": 26,                "Fx": 46,                "Y": 27,                "Fy": 22,                "TiltX": 0,                "TiltY": 0,                "Twist": 0,                "Force": 0.4495305,                "DotType": 1,                "TimeDiff": 8              },              {                "X": 26,                "Fx": 43,                "Y": 27,                "Fy": 25,                "TiltX": 0,                "TiltY": 0,                "Twist": 0,                "Force": 0.494131446,                "DotType": 1,                "TimeDiff": 45              },              {                "X": 26,                "Fx": 41,                "Y": 27,                "Fy": 31,                "TiltX": 0,                "TiltY": 0,                "Twist": 0,                "Force": 0.5434272,                "DotType": 1,                "TimeDiff": 7              },              {                "X": 26,                "Fx": 20,                "Y": 27,                "Fy": 78,                "TiltX": 0,                "TiltY": 0,                "Twist": 0,                "Force": 0.597417831,                "DotType": 1,                "TimeDiff": 30              },              {                "X": 26,                "Fx": 9,                "Y": 28,                "Fy": 9,                "TiltX": 0,                "TiltY": 0,                "Twist": 0,                "Force": 0.657277,                "DotType": 1,                "TimeDiff": 15              },              {                "X": 26,                "Fx": 4,                "Y": 28,                "Fy": 24,                "TiltX": 0,                "TiltY": 0,                "Twist": 0,                "Force": 0.7230047,                "DotType": 1,                "TimeDiff": 8              },              {                "X": 25,                "Fx": 98,                "Y": 28,                "Fy": 36,                "TiltX": 0,                "TiltY": 0,                "Twist": 0,                "Force": 0.795774639,                "DotType": 1,                "TimeDiff": 7              },              {                "X": 25,                "Fx": 91,                "Y": 28,                "Fy": 68,                "TiltX": 0,                "TiltY": 0,                "Twist": 0,                "Force": 0.875586867,                "DotType": 1,                "TimeDiff": 30              },              {                "X": 25,                "Fx": 93,                "Y": 28,                "Fy": 75,                "TiltX": 0,                "TiltY": 0,                "Twist": 0,                "Force": 0.963615,                "DotType": 1,                "TimeDiff": 15              },              {                "X": 25,                "Fx": 94,                "Y": 28,                "Fy": 77,                "TiltX": 0,                "TiltY": 0,                "Twist": 0,                "Force": 0.870892048,                "DotType": 1,                "TimeDiff": 8              },              {                "X": 25,                "Fx": 97,                "Y": 28,                "Fy": 78,                "TiltX": 0,                "TiltY": 0,                "Twist": 0,                "Force": 0.78403753,                "DotType": 1,                "TimeDiff": 7              },              {                "X": 25,                "Fx": 97,                "Y": 28,                "Fy": 78,                "TiltX": 0,                "TiltY": 0,                "Twist": 0,                "Force": 0.705399036,                "DotType": 2,                "TimeDiff": 0              }            ]          }        ]      },      {        "Section": 3,        "Owner": 27,        "Book": 603,        "Number": 151,        "X1": 0.0,        "Y1": 0.0,        "X2": 0.0,        "Y2": 0.0,        "MarginL": 0.0,        "MarginR": 0.0,        "MarginT": 0.0,        "MarginB": 0.0,        "Strokes": [          {            "TimeStart": 1574944135107,            "TimeEnd": 1574944135400,            "CompressedDots": [              {                "X": 41,                "Fx": 16,                "Y": 33,                "Fy": 82,                "TiltX": 0,                "TiltY": 0,                "Twist": 0,                "Force": 0.117370889,                "DotType": 0,                "TimeDiff": 0              },              {                "X": 41,                "Fx": 17,                "Y": 33,                "Fy": 79,                "TiltX": 0,                "TiltY": 0,                "Twist": 0,                "Force": 0.129107982,                "DotType": 1,                "TimeDiff": 8              },              {                "X": 41,                "Fx": 18,                "Y": 33,                "Fy": 75,                "TiltX": 0,                "TiltY": 0,                "Twist": 0,                "Force": 0.14201878,                "DotType": 1,                "TimeDiff": 7              },              {                "X": 41,                "Fx": 19,                "Y": 33,                "Fy": 71,                "TiltX": 0,                "TiltY": 0,                "Twist": 0,                "Force": 0.156103283,                "DotType": 1,                "TimeDiff": 8              },              {                "X": 41,                "Fx": 20,                "Y": 33,                "Fy": 69,                "TiltX": 0,                "TiltY": 0,                "Twist": 0,                "Force": 0.1713615,                "DotType": 1,                "TimeDiff": 7              },              {                "X": 41,                "Fx": 20,                "Y": 33,                "Fy": 66,                "TiltX": 0,                "TiltY": 0,                "Twist": 0,                "Force": 0.188967139,                "DotType": 1,                "TimeDiff": 8              },              {                "X": 41,                "Fx": 18,                "Y": 33,                "Fy": 63,                "TiltX": 0,                "TiltY": 0,                "Twist": 0,                "Force": 0.207746476,                "DotType": 1,                "TimeDiff": 7              },              {                "X": 41,                "Fx": 18,                "Y": 33,                "Fy": 60,                "TiltX": 0,                "TiltY": 0,                "Twist": 0,                "Force": 0.228873238,                "DotType": 1,                "TimeDiff": 8              },              {                "X": 41,                "Fx": 16,                "Y": 33,                "Fy": 56,                "TiltX": 0,                "TiltY": 0,                "Twist": 0,                "Force": 0.2523474,                "DotType": 1,                "TimeDiff": 7              },              {                "X": 41,                "Fx": 14,                "Y": 33,                "Fy": 52,                "TiltX": 0,                "TiltY": 0,                "Twist": 0,                "Force": 0.278169,                "DotType": 1,                "TimeDiff": 8              },              {                "X": 41,                "Fx": 13,                "Y": 33,                "Fy": 50,                "TiltX": 0,                "TiltY": 0,                "Twist": 0,                "Force": 0.306338042,                "DotType": 1,                "TimeDiff": 7              },              {                "X": 41,                "Fx": 8,                "Y": 33,                "Fy": 45,                "TiltX": 0,                "TiltY": 0,                "Twist": 0,                "Force": 0.336854458,                "DotType": 1,                "TimeDiff": 23              },              {                "X": 41,                "Fx": 5,                "Y": 33,                "Fy": 44,                "TiltX": 0,                "TiltY": 0,                "Twist": 0,                "Force": 0.370892018,                "DotType": 1,                "TimeDiff": 7              },              {                "X": 41,                "Fx": 1,                "Y": 33,                "Fy": 42,                "TiltX": 0,                "TiltY": 0,                "Twist": 0,                "Force": 0.4084507,                "DotType": 1,                "TimeDiff": 8              },              {                "X": 40,                "Fx": 95,                "Y": 33,                "Fy": 42,                "TiltX": 0,                "TiltY": 0,                "Twist": 0,                "Force": 0.4495305,                "DotType": 1,                "TimeDiff": 15              },              {                "X": 40,                "Fx": 92,                "Y": 33,                "Fy": 43,                "TiltX": 0,                "TiltY": 0,                "Twist": 0,                "Force": 0.494131446,                "DotType": 1,                "TimeDiff": 7              },              {                "X": 40,                "Fx": 77,                "Y": 33,                "Fy": 49,                "TiltX": 0,                "TiltY": 0,                "Twist": 0,                "Force": 0.5434272,                "DotType": 1,                "TimeDiff": 15              },              {                "X": 40,                "Fx": 61,                "Y": 33,                "Fy": 61,                "TiltX": 0,                "TiltY": 0,                "Twist": 0,                "Force": 0.597417831,                "DotType": 1,                "TimeDiff": 15              },              {                "X": 40,                "Fx": 47,                "Y": 33,                "Fy": 78,                "TiltX": 0,                "TiltY": 0,                "Twist": 0,                "Force": 0.657277,                "DotType": 1,                "TimeDiff": 16              },              {                "X": 40,                "Fx": 27,                "Y": 34,                "Fy": 14,                "TiltX": 0,                "TiltY": 0,                "Twist": 0,                "Force": 0.7230047,                "DotType": 1,                "TimeDiff": 22              },              {                "X": 40,                "Fx": 20,                "Y": 34,                "Fy": 38,                "TiltX": 0,                "TiltY": 0,                "Twist": 0,                "Force": 0.795774639,                "DotType": 1,                "TimeDiff": 15              },              {                "X": 40,                "Fx": 19,                "Y": 34,                "Fy": 50,                "TiltX": 0,                "TiltY": 0,                "Twist": 0,                "Force": 0.875586867,                "DotType": 1,                "TimeDiff": 8              },              {                "X": 40,                "Fx": 21,                "Y": 34,                "Fy": 62,                "TiltX": 0,                "TiltY": 0,                "Twist": 0,                "Force": 0.963615,                "DotType": 1,                "TimeDiff": 7              },              {                "X": 40,                "Fx": 25,                "Y": 34,                "Fy": 74,                "TiltX": 0,                "TiltY": 0,                "Twist": 0,                "Force": 1.0,                "DotType": 1,                "TimeDiff": 8              },              {                "X": 40,                "Fx": 31,                "Y": 34,                "Fy": 83,                "TiltX": 0,                "TiltY": 0,                "Twist": 0,                "Force": 1.0,                "DotType": 1,                "TimeDiff": 7              },              {                "X": 40,                "Fx": 45,                "Y": 34,                "Fy": 92,                "TiltX": 0,                "TiltY": 0,                "Twist": 0,                "Force": 1.0,                "DotType": 1,                "TimeDiff": 15              },              {                "X": 40,                "Fx": 68,                "Y": 34,                "Fy": 95,                "TiltX": 0,                "TiltY": 0,                "Twist": 0,                "Force": 0.9894366,                "DotType": 1,                "TimeDiff": 15              },              {                "X": 40,                "Fx": 81,                "Y": 34,                "Fy": 94,                "TiltX": 0,                "TiltY": 0,                "Twist": 0,                "Force": 0.900234759,                "DotType": 1,                "TimeDiff": 8              },              {                "X": 40,                "Fx": 94,                "Y": 34,                "Fy": 92,                "TiltX": 0,                "TiltY": 0,                "Twist": 0,                "Force": 0.809859157,                "DotType": 1,                "TimeDiff": 7              },              {                "X": 40,                "Fx": 94,                "Y": 34,                "Fy": 92,                "TiltX": 0,                "TiltY": 0,                "Twist": 0,                "Force": 0.728873253,                "DotType": 2,                "TimeDiff": 0              }            ]          },          {            "TimeStart": 1574944135744,            "TimeEnd": 1574944136059,            "CompressedDots": [              {                "X": 41,                "Fx": 84,                "Y": 33,                "Fy": 81,                "TiltX": 0,                "TiltY": 0,                "Twist": 0,                "Force": 0.07511737,                "DotType": 0,                "TimeDiff": 0              },              {                "X": 41,                "Fx": 82,                "Y": 33,                "Fy": 80,                "TiltX": 0,                "TiltY": 0,                "Twist": 0,                "Force": 0.08215962,                "DotType": 1,                "TimeDiff": 8              },              {                "X": 41,                "Fx": 81,                "Y": 33,                "Fy": 78,                "TiltX": 0,                "TiltY": 0,                "Twist": 0,                "Force": 0.09037559,                "DotType": 1,                "TimeDiff": 7              },              {                "X": 41,                "Fx": 81,                "Y": 33,                "Fy": 76,                "TiltX": 0,                "TiltY": 0,                "Twist": 0,                "Force": 0.099765256,                "DotType": 1,                "TimeDiff": 8              },              {                "X": 41,                "Fx": 80,                "Y": 33,                "Fy": 75,                "TiltX": 0,                "TiltY": 0,                "Twist": 0,                "Force": 0.110328637,                "DotType": 1,                "TimeDiff": 7              },              {                "X": 41,                "Fx": 79,                "Y": 33,                "Fy": 74,                "TiltX": 0,                "TiltY": 0,                "Twist": 0,                "Force": 0.120892018,                "DotType": 1,                "TimeDiff": 8              },              {                "X": 41,                "Fx": 79,                "Y": 33,                "Fy": 72,                "TiltX": 0,                "TiltY": 0,                "Twist": 0,                "Force": 0.132629111,                "DotType": 1,                "TimeDiff": 7              },              {                "X": 41,                "Fx": 79,                "Y": 33,                "Fy": 70,                "TiltX": 0,                "TiltY": 0,                "Twist": 0,                "Force": 0.14553991,                "DotType": 1,                "TimeDiff": 8              },              {                "X": 41,                "Fx": 78,                "Y": 33,                "Fy": 69,                "TiltX": 0,                "TiltY": 0,                "Twist": 0,                "Force": 0.159624413,                "DotType": 1,                "TimeDiff": 7              },              {                "X": 41,                "Fx": 78,                "Y": 33,                "Fy": 67,                "TiltX": 0,                "TiltY": 0,                "Twist": 0,                "Force": 0.17605634,                "DotType": 1,                "TimeDiff": 8              },              {                "X": 41,                "Fx": 81,                "Y": 33,                "Fy": 62,                "TiltX": 0,                "TiltY": 0,                "Twist": 0,                "Force": 0.193661973,                "DotType": 1,                "TimeDiff": 15              },              {                "X": 41,                "Fx": 82,                "Y": 33,                "Fy": 60,                "TiltX": 0,                "TiltY": 0,                "Twist": 0,                "Force": 0.21361503,                "DotType": 1,                "TimeDiff": 7              },              {                "X": 41,                "Fx": 98,                "Y": 33,                "Fy": 47,                "TiltX": 0,                "TiltY": 0,                "Twist": 0,                "Force": 0.234741777,                "DotType": 1,                "TimeDiff": 23              },              {                "X": 42,                "Fx": 17,                "Y": 33,                "Fy": 38,                "TiltX": 0,                "TiltY": 0,                "Twist": 0,                "Force": 0.258215964,                "DotType": 1,                "TimeDiff": 15              },              {                "X": 42,                "Fx": 50,                "Y": 33,                "Fy": 38,                "TiltX": 0,                "TiltY": 0,                "Twist": 0,                "Force": 0.28403756,                "DotType": 1,                "TimeDiff": 30              },              {                "X": 42,                "Fx": 55,                "Y": 33,                "Fy": 41,                "TiltX": 0,                "TiltY": 0,                "Twist": 0,                "Force": 0.312206566,                "DotType": 1,                "TimeDiff": 7              },              {                "X": 42,                "Fx": 58,                "Y": 33,                "Fy": 46,                "TiltX": 0,                "TiltY": 0,                "Twist": 0,                "Force": 0.343896717,                "DotType": 1,                "TimeDiff": 8              },              {                "X": 42,                "Fx": 59,                "Y": 33,                "Fy": 50,                "TiltX": 0,                "TiltY": 0,                "Twist": 0,                "Force": 0.377934277,                "DotType": 1,                "TimeDiff": 7              },              {                "X": 42,                "Fx": 56,                "Y": 33,                "Fy": 66,                "TiltX": 0,                "TiltY": 0,                "Twist": 0,                "Force": 0.415492952,                "DotType": 1,                "TimeDiff": 15              },              {                "X": 42,                "Fx": 51,                "Y": 33,                "Fy": 80,                "TiltX": 0,                "TiltY": 0,                "Twist": 0,                "Force": 0.456572771,                "DotType": 1,                "TimeDiff": 8              },              {                "X": 42,                "Fx": 34,                "Y": 34,                "Fy": 11,                "TiltX": 0,                "TiltY": 0,                "Twist": 0,                "Force": 0.5023474,                "DotType": 1,                "TimeDiff": 15              },              {                "X": 42,                "Fx": 0,                "Y": 34,                "Fy": 58,                "TiltX": 0,                "TiltY": 0,                "Twist": 0,                "Force": 0.5528169,                "DotType": 1,                "TimeDiff": 22              },              {                "X": 41,                "Fx": 84,                "Y": 34,                "Fy": 82,                "TiltX": 0,                "TiltY": 0,                "Twist": 0,                "Force": 0.6079812,                "DotType": 1,                "TimeDiff": 15              },              {                "X": 41,                "Fx": 79,                "Y": 34,                "Fy": 88,                "TiltX": 0,                "TiltY": 0,                "Twist": 0,                "Force": 0.6690141,                "DotType": 1,                "TimeDiff": 8              },              {                "X": 41,                "Fx": 78,                "Y": 34,                "Fy": 90,                "TiltX": 0,                "TiltY": 0,                "Twist": 0,                "Force": 0.7359155,                "DotType": 1,                "TimeDiff": 7              },              {                "X": 41,                "Fx": 81,                "Y": 34,                "Fy": 90,                "TiltX": 0,                "TiltY": 0,                "Twist": 0,                "Force": 0.809859157,                "DotType": 1,                "TimeDiff": 15              },              {                "X": 42,                "Fx": 0,                "Y": 34,                "Fy": 87,                "TiltX": 0,                "TiltY": 0,                "Twist": 0,                "Force": 0.89084506,                "DotType": 1,                "TimeDiff": 15              },              {                "X": 42,                "Fx": 20,                "Y": 34,                "Fy": 84,                "TiltX": 0,                "TiltY": 0,                "Twist": 0,                "Force": 0.8016432,                "DotType": 1,                "TimeDiff": 8              },              {                "X": 42,                "Fx": 43,                "Y": 34,                "Fy": 81,                "TiltX": 0,                "TiltY": 0,                "Twist": 0,                "Force": 0.721830964,                "DotType": 1,                "TimeDiff": 7              },              {                "X": 42,                "Fx": 43,                "Y": 34,                "Fy": 81,                "TiltX": 0,                "TiltY": 0,                "Twist": 0,                "Force": 0.649061,                "DotType": 2,                "TimeDiff": 0              }            ]          }        ]      }    ]  }]