{
  "participants": {
    "c": {
      "ID": "c",
      "pages": [
        {
          "pageID": "",
          "segmentationsMap": {
            "New set_b47fba48-add9-4a78-84ed-ebf6c32e9706": [
              {
                "timeStart": 0.0,
                "timeStop": 406.0,
                "annotationsMap": {
                  "Letters_d4e749ab-727c-4a2c-9e66-d5ea26bc4c3a": "C"
                }
              },
              {
                "timeStart": 762.0,
                "timeStop": 1122.0,
                "annotationsMap": {
                  "Letters_d4e749ab-727c-4a2c-9e66-d5ea26bc4c3a": "1"
                }
              }
            ],
            "Stroke duration": [
              {
                "timeStart": 0.0,
                "timeStop": 406.0,
                "annotationsMap": {}
              },
              {
                "timeStart": 762.0,
                "timeStop": 1122.0,
                "annotationsMap": {}
              }
            ]
          }
        },
        {
          "pageID": "",
          "segmentationsMap": {
            "New set_b47fba48-add9-4a78-84ed-ebf6c32e9706": [
              {
                "timeStart": 0.0,
                "timeStop": 293.0,
                "annotationsMap": {
                  "Letters_d4e749ab-727c-4a2c-9e66-d5ea26bc4c3a": "C"
                }
              },
              {
                "timeStart": 637.0,
                "timeStop": 952.0,
                "annotationsMap": {
                  "Letters_d4e749ab-727c-4a2c-9e66-d5ea26bc4c3a": "2"
                }
              }
            ],
            "Stroke duration": [
              {
                "timeStart": 0.0,
                "timeStop": 293.0,
                "annotationsMap": {}
              },
              {
                "timeStart": 637.0,
                "timeStop": 952.0,
                "annotationsMap": {}
              }
            ]
          }
        }
      ]
    }
  },
  "projectTags": {
    "New set_b47fba48-add9-4a78-84ed-ebf6c32e9706": {
      "tagID": "New set_b47fba48-add9-4a78-84ed-ebf6c32e9706",
      "tag": "New set",
      "simpleColor": {
        "r": 0.0,
        "g": 1.0,
        "b": 1.0,
        "o": 1.0
      },
      "mainTopicID": "Letters_d4e749ab-727c-4a2c-9e66-d5ea26bc4c3a",
      "topicsMap": {
        "Letters_d4e749ab-727c-4a2c-9e66-d5ea26bc4c3a": {
          "topicName": "Letters",
          "topicID": "Letters_d4e749ab-727c-4a2c-9e66-d5ea26bc4c3a"
        }
      }
    },
    "Stroke duration": {
      "tagID": "Stroke duration",
      "tag": "Stroke duration",
      "simpleColor": {
        "r": 0.0,
        "g": 0.0,
        "b": 0.0,
        "o": 1.0
      },
      "mainTopicID": "",
      "topicsMap": {}
    }
  }
}