{
  "participants": {
    "lukas2": {
      "ID": "lukas2",
      "pages": [
        {
          "timeLines": {
            "asdfsdafsadfsadfas": [
              {
                "annotationText": "Annotation text",
                "timeStart": 410.0,
                "timeStop": 2150.0
              }
            ],
            "shdfkasdfl": [
              {
                "annotationText": "Annotation text",
                "timeStart": 1430.0,
                "timeStop": 8170.0
              }
            ]
          }
        }
      ]
    },
    "lukas3": {
      "ID": "lukas3",
      "pages": [
        {
          "timeLines": {}
        }
      ]
    },
    "lukas": {
      "ID": "lukas",
      "pages": [
        {
          "timeLines": {}
        }
      ]
    },
    "lukas4": {
      "ID": "lukas4",
      "pages": [
        {
          "timeLines": {}
        }
      ]
    }
  },
  "projectTags": {
    "asdfsdafsadfsadfas": {
      "tag": "asdfsdafsadfsadfas",
      "simpleColor": {
        "r": 0.800000011920929,
        "g": 0.800000011920929,
        "b": 0.20000000298023224,
        "o": 1.0
      }
    },
    "shdfkasdfl": {
      "tag": "shdfkasdfl",
      "simpleColor": {
        "r": 0.37254902720451355,
        "g": 0.6196078658103943,
        "b": 0.6274510025978088,
        "o": 1.0
      }
    }
  }
}