{
  "participants": {
    "lukas2": {
      "ID": "lukas2",
      "pages": [
        {
          "timeLines": {
            "New Timeline 2": [
              {
                "annotationText": "Annotation text",
                "timeStart": 630.0,
                "timeStop": 8710.0
              },
              {
                "annotationText": "Annotation text",
                "timeStart": 630.0,
                "timeStop": 8710.0
              }
            ],
            "New Timeline": [
              {
                "annotationText": "Annotation text",
                "timeStart": 990.0,
                "timeStop": 4190.0
              },
              {
                "annotationText": "Annotation text",
                "timeStart": 5670.0,
                "timeStop": 6830.0
              },
              {
                "annotationText": "Annotation text",
                "timeStart": 990.0,
                "timeStop": 4190.0
              },
              {
                "annotationText": "Annotation text",
                "timeStart": 5670.0,
                "timeStop": 6830.0
              }
            ]
          }
        }
      ]
    },
    "lukas3": {
      "ID": "lukas3",
      "pages": [
        {
          "timeLines": {
            "New Timeline 2": [
              {
                "annotationText": "New combined annotation",
                "timeStart": 0.0,
                "timeStop": 11690.0
              }
            ],
            "New Timelinellll": [
              {
                "annotationText": "New combined annotation",
                "timeStart": 12381.0,
                "timeStop": 14572.000000000002
              }
            ],
            "New Timeline": [
              {
                "annotationText": "Generated Annotation",
                "timeStart": 12381.0,
                "timeStop": 12613.000000000002
              },
              {
                "annotationText": "Generated Annotation",
                "timeStart": 12752.0,
                "timeStop": 12880.0
              },
              {
                "annotationText": "Generated Annotation",
                "timeStart": 13002.0,
                "timeStop": 13032.0
              },
              {
                "annotationText": "Generated Annotation",
                "timeStart": 13173.000000000002,
                "timeStop": 13405.000000000002
              },
              {
                "annotationText": "Generated Annotation",
                "timeStart": 13514.0,
                "timeStop": 13905.0
              },
              {
                "annotationText": "Generated Annotation",
                "timeStart": 13988.000000000002,
                "timeStop": 14205.000000000002
              },
              {
                "annotationText": "Generated Annotation",
                "timeStart": 14340.0,
                "timeStop": 14572.0
              }
            ]
          }
        }
      ]
    },
    "lukas": {
      "ID": "lukas",
      "pages": [
        {
          "timeLines": {}
        }
      ]
    },
    "lukas4": {
      "ID": "lukas4",
      "pages": [
        {
          "timeLines": {}
        }
      ]
    }
  },
  "projectTags": {
    "New Timelinellll": {
      "tag": "New Timelinellll",
      "simpleColor": {
        "r": 0.501960813999176,
        "g": 0.20000000298023224,
        "b": 0.3019607961177826,
        "o": 1.0
      }
    },
    "New Timeline 2": {
      "tag": "New Timeline 2",
      "simpleColor": {
        "r": 0.37254902720451355,
        "g": 0.6196078658103943,
        "b": 0.6274510025978088,
        "o": 1.0
      }
    },
    "New Timeline": {
      "tag": "New Timeline",
      "simpleColor": {
        "r": 0.37254902720451355,
        "g": 0.6196078658103943,
        "b": 0.6274510025978088,
        "o": 1.0
      }
    }
  }
}