{
  "participants": {
    "Isa": {
      "ID": "Isa",
      "pages": [
        {
          "pageID": "",
          "segmentationsMap": {
            "Word pauses_c075efe3-6f2e-46c5-afbc-6b759da47a03": [
              {
                "timeStart": 2901.0,
                "timeStop": 3946.0,
                "annotationsMap": {
                  "._19a02c2e-f41e-4f29-9faa-2464b627aeee": ""
                }
              },
              {
                "timeStart": 7967.0,
                "timeStop": 8913.0,
                "annotationsMap": {
                  "._19a02c2e-f41e-4f29-9faa-2464b627aeee": ""
                }
              },
              {
                "timeStart": 12279.0,
                "timeStop": 33842.0,
                "annotationsMap": {
                  "._19a02c2e-f41e-4f29-9faa-2464b627aeee": ""
                }
              }
            ],
            "Vowels_a483a753-e2ac-4548-9527-7dfd81181bc6": [
              {
                "timeStart": 0.0,
                "timeStop": 1665.0,
                "annotationsMap": {
                  "Letter_0ce9fbba-28ef-4167-b93f-7f665671fba0": "E",
                  "Vowel_47b5740e-0af3-441f-be63-23e4c1d5c873": "1",
                  "Correct_d048a481-29c8-4491-a29f-5c7626d53c14": "1"
                }
              },
              {
                "timeStart": 5270.0,
                "timeStop": 5737.999999999999,
                "annotationsMap": {
                  "Letter_0ce9fbba-28ef-4167-b93f-7f665671fba0": "i",
                  "Vowel_47b5740e-0af3-441f-be63-23e4c1d5c873": "1",
                  "Correct_d048a481-29c8-4491-a29f-5c7626d53c14": "1"
                }
              }
            ],
            "Stroke duration": [
              {
                "timeStart": 0.0,
                "timeStop": 743.0,
                "annotationsMap": {}
              },
              {
                "timeStart": 1463.0,
                "timeStop": 1665.0,
                "annotationsMap": {}
              },
              {
                "timeStart": 2195.0,
                "timeStop": 2901.0,
                "annotationsMap": {}
              },
              {
                "timeStart": 3946.0,
                "timeStop": 4802.0,
                "annotationsMap": {}
              },
              {
                "timeStart": 5270.0,
                "timeStop": 5473.0,
                "annotationsMap": {}
              },
              {
                "timeStart": 5656.0,
                "timeStop": 5738.0,
                "annotationsMap": {}
              },
              {
                "timeStart": 6350.0,
                "timeStop": 7086.0,
                "annotationsMap": {}
              },
              {
                "timeStart": 7486.0,
                "timeStop": 7967.0,
                "annotationsMap": {}
              },
              {
                "timeStart": 8913.0,
                "timeStop": 9619.0,
                "annotationsMap": {}
              },
              {
                "timeStart": 9942.0,
                "timeStop": 10415.0,
                "annotationsMap": {}
              },
              {
                "timeStart": 10545.0,
                "timeStop": 10861.0,
                "annotationsMap": {}
              },
              {
                "timeStart": 11052.0,
                "timeStop": 11465.0,
                "annotationsMap": {}
              },
              {
                "timeStart": 11731.0,
                "timeStop": 12279.0,
                "annotationsMap": {}
              },
              {
                "timeStart": 14961.0,
                "timeStop": 15584.0,
                "annotationsMap": {}
              },
              {
                "timeStart": 15725.0,
                "timeStop": 16364.0,
                "annotationsMap": {}
              },
              {
                "timeStart": 16786.0,
                "timeStop": 17311.0,
                "annotationsMap": {}
              },
              {
                "timeStart": 17450.0,
                "timeStop": 17960.0,
                "annotationsMap": {}
              },
              {
                "timeStart": 18552.0,
                "timeStop": 19078.0,
                "annotationsMap": {}
              },
              {
                "timeStart": 19306.0,
                "timeStop": 19652.0,
                "annotationsMap": {}
              },
              {
                "timeStart": 19829.0,
                "timeStop": 20489.0,
                "annotationsMap": {}
              },
              {
                "timeStart": 20708.0,
                "timeStop": 21354.0,
                "annotationsMap": {}
              },
              {
                "timeStart": 21539.0,
                "timeStop": 22050.0,
                "annotationsMap": {}
              },
              {
                "timeStart": 25110.0,
                "timeStop": 26123.0,
                "annotationsMap": {}
              },
              {
                "timeStart": 26824.0,
                "timeStop": 27379.0,
                "annotationsMap": {}
              },
              {
                "timeStart": 27516.0,
                "timeStop": 27689.0,
                "annotationsMap": {}
              },
              {
                "timeStart": 27887.0,
                "timeStop": 28007.0,
                "annotationsMap": {}
              },
              {
                "timeStart": 28492.0,
                "timeStop": 29040.0,
                "annotationsMap": {}
              },
              {
                "timeStart": 29581.0,
                "timeStop": 30129.0,
                "annotationsMap": {}
              },
              {
                "timeStart": 30313.0,
                "timeStop": 30651.0,
                "annotationsMap": {}
              },
              {
                "timeStart": 30793.0,
                "timeStop": 31251.0,
                "annotationsMap": {}
              },
              {
                "timeStart": 31814.0,
                "timeStop": 32340.0,
                "annotationsMap": {}
              },
              {
                "timeStart": 32477.0,
                "timeStop": 33303.0,
                "annotationsMap": {}
              },
              {
                "timeStart": 33662.0,
                "timeStop": 33842.0,
                "annotationsMap": {}
              }
            ],
            "Letters_0980a0eb-bc57-48ef-90b0-ed711894388a": [
              {
                "timeStart": 0.0,
                "timeStop": 1665.0,
                "annotationsMap": {
                  "Vowel_6e0678a6-da20-4531-9837-e744811757eb": "1",
                  "Correct_8e5d25f1-f694-4683-b26b-9c2636ce3b30": "1",
                  "Letter_3a0e4735-4e25-4000-8252-ce2b30e98c19": "E"
                }
              },
              {
                "timeStart": 2195.0,
                "timeStop": 2901.0,
                "annotationsMap": {
                  "Vowel_6e0678a6-da20-4531-9837-e744811757eb": "0",
                  "Correct_8e5d25f1-f694-4683-b26b-9c2636ce3b30": "1",
                  "Letter_3a0e4735-4e25-4000-8252-ce2b30e98c19": "s"
                }
              },
              {
                "timeStart": 3946.0,
                "timeStop": 4802.0,
                "annotationsMap": {
                  "Vowel_6e0678a6-da20-4531-9837-e744811757eb": "0",
                  "Correct_8e5d25f1-f694-4683-b26b-9c2636ce3b30": "1",
                  "Letter_3a0e4735-4e25-4000-8252-ce2b30e98c19": "g"
                }
              },
              {
                "timeStart": 5270.0,
                "timeStop": 5737.999999999999,
                "annotationsMap": {
                  "Vowel_6e0678a6-da20-4531-9837-e744811757eb": "1",
                  "Correct_8e5d25f1-f694-4683-b26b-9c2636ce3b30": "1",
                  "Letter_3a0e4735-4e25-4000-8252-ce2b30e98c19": "i"
                }
              },
              {
                "timeStart": 6350.0,
                "timeStop": 7086.0,
                "annotationsMap": {
                  "Vowel_6e0678a6-da20-4531-9837-e744811757eb": "0",
                  "Correct_8e5d25f1-f694-4683-b26b-9c2636ce3b30": "1",
                  "Letter_3a0e4735-4e25-4000-8252-ce2b30e98c19": "b"
                }
              }
            ],
            "Words_782c0607-47cc-4180-9db8-6f45b83eccec": [
              {
                "timeStart": 0.0,
                "timeStop": 2901.0,
                "annotationsMap": {
                  "Spelling correct_516fb296-0ed9-442e-9368-78aa3c752db5": "1",
                  "Spelling rule_b446136b-f909-437f-9375-c70b4f5799b6": "0",
                  "Word_0444e9d0-d16e-4237-a985-d11896cb3e0b": "Es"
                }
              },
              {
                "timeStart": 3946.0,
                "timeStop": 7967.0,
                "annotationsMap": {
                  "Spelling correct_516fb296-0ed9-442e-9368-78aa3c752db5": "1",
                  "Spelling rule_b446136b-f909-437f-9375-c70b4f5799b6": "0",
                  "Word_0444e9d0-d16e-4237-a985-d11896cb3e0b": "gibt"
                }
              },
              {
                "timeStart": 8913.0,
                "timeStop": 12279.0,
                "annotationsMap": {
                  "Spelling correct_516fb296-0ed9-442e-9368-78aa3c752db5": "1",
                  "Spelling rule_b446136b-f909-437f-9375-c70b4f5799b6": "eu",
                  "Word_0444e9d0-d16e-4237-a985-d11896cb3e0b": "heute"
                }
              }
            ]
          }
        }
      ]
    },
    "Rene": {
      "ID": "Rene",
      "pages": [
        {
          "pageID": "",
          "segmentationsMap": {
            "Stroke duration": [
              {
                "timeStart": 0.0,
                "timeStop": 586.0,
                "annotationsMap": {}
              },
              {
                "timeStart": 1500.0,
                "timeStop": 3318.0,
                "annotationsMap": {}
              },
              {
                "timeStart": 3997.0,
                "timeStop": 4470.0,
                "annotationsMap": {}
              },
              {
                "timeStart": 4864.0,
                "timeStop": 5712.0,
                "annotationsMap": {}
              },
              {
                "timeStart": 6603.0,
                "timeStop": 8097.0,
                "annotationsMap": {}
              },
              {
                "timeStart": 14456.0,
                "timeStop": 14824.0,
                "annotationsMap": {}
              },
              {
                "timeStart": 14973.0,
                "timeStop": 15056.0,
                "annotationsMap": {}
              },
              {
                "timeStart": 15496.0,
                "timeStop": 15932.0,
                "annotationsMap": {}
              },
              {
                "timeStart": 16326.0,
                "timeStop": 16627.0,
                "annotationsMap": {}
              },
              {
                "timeStart": 16761.0,
                "timeStop": 16858.0,
                "annotationsMap": {}
              },
              {
                "timeStart": 18290.0,
                "timeStop": 18695.0,
                "annotationsMap": {}
              },
              {
                "timeStart": 18937.0,
                "timeStop": 19072.0,
                "annotationsMap": {}
              },
              {
                "timeStart": 19155.0,
                "timeStop": 19230.0,
                "annotationsMap": {}
              },
              {
                "timeStart": 19551.0,
                "timeStop": 19852.0,
                "annotationsMap": {}
              },
              {
                "timeStart": 20855.0,
                "timeStop": 21110.0,
                "annotationsMap": {}
              },
              {
                "timeStart": 21459.0,
                "timeStop": 21894.0,
                "annotationsMap": {}
              },
              {
                "timeStart": 22165.0,
                "timeStop": 22540.0,
                "annotationsMap": {}
              },
              {
                "timeStart": 22874.0,
                "timeStop": 23106.0,
                "annotationsMap": {}
              },
              {
                "timeStart": 23405.0,
                "timeStop": 23720.0,
                "annotationsMap": {}
              },
              {
                "timeStart": 23890.0,
                "timeStop": 24228.0,
                "annotationsMap": {}
              },
              {
                "timeStart": 27612.0,
                "timeStop": 27950.0,
                "annotationsMap": {}
              },
              {
                "timeStart": 28150.0,
                "timeStop": 28360.0,
                "annotationsMap": {}
              },
              {
                "timeStart": 28490.0,
                "timeStop": 28535.0,
                "annotationsMap": {}
              },
              {
                "timeStart": 28872.0,
                "timeStop": 29375.0,
                "annotationsMap": {}
              },
              {
                "timeStart": 29800.0,
                "timeStop": 29995.0,
                "annotationsMap": {}
              },
              {
                "timeStart": 30134.0,
                "timeStop": 30217.0,
                "annotationsMap": {}
              },
              {
                "timeStart": 30409.0,
                "timeStop": 30822.0,
                "annotationsMap": {}
              },
              {
                "timeStart": 55979.0,
                "timeStop": 56407.0,
                "annotationsMap": {}
              },
              {
                "timeStart": 56982.0,
                "timeStop": 57327.0,
                "annotationsMap": {}
              },
              {
                "timeStart": 57956.0,
                "timeStop": 58347.0,
                "annotationsMap": {}
              },
              {
                "timeStart": 58851.0,
                "timeStop": 60067.0,
                "annotationsMap": {}
              },
              {
                "timeStart": 62403.0,
                "timeStop": 62989.0,
                "annotationsMap": {}
              },
              {
                "timeStart": 63394.0,
                "timeStop": 63860.0,
                "annotationsMap": {}
              },
              {
                "timeStart": 64147.0,
                "timeStop": 64500.0,
                "annotationsMap": {}
              },
              {
                "timeStart": 64759.0,
                "timeStop": 65104.0,
                "annotationsMap": {}
              },
              {
                "timeStart": 65414.0,
                "timeStop": 66090.0,
                "annotationsMap": {}
              },
              {
                "timeStart": 66627.0,
                "timeStop": 66943.0,
                "annotationsMap": {}
              },
              {
                "timeStart": 67866.0,
                "timeStop": 67987.0,
                "annotationsMap": {}
              },
              {
                "timeStart": 69315.0,
                "timeStop": 69998.0,
                "annotationsMap": {}
              },
              {
                "timeStart": 70272.0,
                "timeStop": 70430.0,
                "annotationsMap": {}
              },
              {
                "timeStart": 70511.0,
                "timeStop": 70579.0,
                "annotationsMap": {}
              },
              {
                "timeStart": 71025.0,
                "timeStop": 71348.0,
                "annotationsMap": {}
              },
              {
                "timeStart": 72594.0,
                "timeStop": 73007.0,
                "annotationsMap": {}
              },
              {
                "timeStart": 73149.0,
                "timeStop": 73442.0,
                "annotationsMap": {}
              },
              {
                "timeStart": 74068.0,
                "timeStop": 74279.0,
                "annotationsMap": {}
              },
              {
                "timeStart": 74689.0,
                "timeStop": 75057.0,
                "annotationsMap": {}
              },
              {
                "timeStart": 77259.0,
                "timeStop": 78077.0,
                "annotationsMap": {}
              },
              {
                "timeStart": 78361.0,
                "timeStop": 78556.0,
                "annotationsMap": {}
              },
              {
                "timeStart": 78658.0,
                "timeStop": 78771.0,
                "annotationsMap": {}
              },
              {
                "timeStart": 78833.0,
                "timeStop": 79193.0,
                "annotationsMap": {}
              },
              {
                "timeStart": 79438.0,
                "timeStop": 79806.0,
                "annotationsMap": {}
              },
              {
                "timeStart": 79977.0,
                "timeStop": 80353.0,
                "annotationsMap": {}
              },
              {
                "timeStart": 80831.0,
                "timeStop": 81184.0,
                "annotationsMap": {}
              },
              {
                "timeStart": 81450.0,
                "timeStop": 81818.0,
                "annotationsMap": {}
              },
              {
                "timeStart": 82785.0,
                "timeStop": 83303.0,
                "annotationsMap": {}
              },
              {
                "timeStart": 83543.0,
                "timeStop": 83926.0,
                "annotationsMap": {}
              },
              {
                "timeStart": 84070.0,
                "timeStop": 84693.0,
                "annotationsMap": {}
              },
              {
                "timeStart": 84943.0,
                "timeStop": 85319.0,
                "annotationsMap": {}
              },
              {
                "timeStart": 85462.0,
                "timeStop": 85732.0,
                "annotationsMap": {}
              },
              {
                "timeStart": 86368.0,
                "timeStop": 86856.0,
                "annotationsMap": {}
              },
              {
                "timeStart": 87024.0,
                "timeStop": 87640.0,
                "annotationsMap": {}
              },
              {
                "timeStart": 87825.0,
                "timeStop": 87930.0,
                "annotationsMap": {}
              },
              {
                "timeStart": 88008.0,
                "timeStop": 88083.0,
                "annotationsMap": {}
              },
              {
                "timeStart": 88771.0,
                "timeStop": 89117.0,
                "annotationsMap": {}
              },
              {
                "timeStart": 89211.0,
                "timeStop": 89286.0,
                "annotationsMap": {}
              },
              {
                "timeStart": 89488.0,
                "timeStop": 89758.0,
                "annotationsMap": {}
              },
              {
                "timeStart": 89811.0,
                "timeStop": 89879.0,
                "annotationsMap": {}
              },
              {
                "timeStart": 91193.0,
                "timeStop": 91673.0,
                "annotationsMap": {}
              },
              {
                "timeStart": 91878.0,
                "timeStop": 92171.0,
                "annotationsMap": {}
              },
              {
                "timeStart": 92384.0,
                "timeStop": 92647.0,
                "annotationsMap": {}
              },
              {
                "timeStart": 92783.0,
                "timeStop": 92858.0,
                "annotationsMap": {}
              },
              {
                "timeStart": 94954.0,
                "timeStop": 95765.0,
                "annotationsMap": {}
              },
              {
                "timeStart": 96524.0,
                "timeStop": 97132.0,
                "annotationsMap": {}
              },
              {
                "timeStart": 97482.0,
                "timeStop": 97895.0,
                "annotationsMap": {}
              },
              {
                "timeStart": 97956.0,
                "timeStop": 98069.0,
                "annotationsMap": {}
              },
              {
                "timeStart": 98173.0,
                "timeStop": 98263.0,
                "annotationsMap": {}
              },
              {
                "timeStart": 98653.0,
                "timeStop": 98984.0,
                "annotationsMap": {}
              },
              {
                "timeStart": 99220.0,
                "timeStop": 99664.0,
                "annotationsMap": {}
              },
              {
                "timeStart": 99768.0,
                "timeStop": 100421.0,
                "annotationsMap": {}
              },
              {
                "timeStart": 100537.0,
                "timeStop": 100747.0,
                "annotationsMap": {}
              },
              {
                "timeStart": 100874.0,
                "timeStop": 101519.0,
                "annotationsMap": {}
              },
              {
                "timeStart": 109807.0,
                "timeStop": 110062.0,
                "annotationsMap": {}
              },
              {
                "timeStart": 111945.0,
                "timeStop": 112178.0,
                "annotationsMap": {}
              },
              {
                "timeStart": 112428.0,
                "timeStop": 112728.0,
                "annotationsMap": {}
              },
              {
                "timeStart": 114241.0,
                "timeStop": 114579.0,
                "annotationsMap": {}
              },
              {
                "timeStart": 114760.0,
                "timeStop": 115120.0,
                "annotationsMap": {}
              },
              {
                "timeStart": 115559.0,
                "timeStop": 116302.0,
                "annotationsMap": {}
              },
              {
                "timeStart": 116688.0,
                "timeStop": 116876.0,
                "annotationsMap": {}
              },
              {
                "timeStart": 116998.0,
                "timeStop": 117186.0,
                "annotationsMap": {}
              },
              {
                "timeStart": 117414.0,
                "timeStop": 117640.0,
                "annotationsMap": {}
              },
              {
                "timeStart": 118240.0,
                "timeStop": 118541.0,
                "annotationsMap": {}
              },
              {
                "timeStart": 118645.0,
                "timeStop": 118751.0,
                "annotationsMap": {}
              },
              {
                "timeStart": 118841.0,
                "timeStop": 118901.0,
                "annotationsMap": {}
              },
              {
                "timeStart": 119129.0,
                "timeStop": 120210.0,
                "annotationsMap": {}
              },
              {
                "timeStart": 120412.0,
                "timeStop": 120675.0,
                "annotationsMap": {}
              },
              {
                "timeStart": 120766.0,
                "timeStop": 121089.0,
                "annotationsMap": {}
              },
              {
                "timeStart": 121917.0,
                "timeStop": 122187.0,
                "annotationsMap": {}
              },
              {
                "timeStart": 122383.0,
                "timeStop": 122744.0,
                "annotationsMap": {}
              },
              {
                "timeStart": 122860.0,
                "timeStop": 123183.0,
                "annotationsMap": {}
              },
              {
                "timeStart": 123279.0,
                "timeStop": 123392.0,
                "annotationsMap": {}
              },
              {
                "timeStart": 124043.0,
                "timeStop": 124381.0,
                "annotationsMap": {}
              },
              {
                "timeStart": 124471.0,
                "timeStop": 124659.0,
                "annotationsMap": {}
              },
              {
                "timeStart": 124728.0,
                "timeStop": 124796.0,
                "annotationsMap": {}
              },
              {
                "timeStart": 125087.0,
                "timeStop": 125319.0,
                "annotationsMap": {}
              },
              {
                "timeStart": 125437.0,
                "timeStop": 125639.0,
                "annotationsMap": {}
              },
              {
                "timeStart": 125760.0,
                "timeStop": 125887.0,
                "annotationsMap": {}
              },
              {
                "timeStart": 125954.0,
                "timeStop": 126044.0,
                "annotationsMap": {}
              },
              {
                "timeStart": 126137.0,
                "timeStop": 126843.0,
                "annotationsMap": {}
              }
            ]
          }
        }
      ]
    }
  },
  "projectTags": {
    "Word pauses_c075efe3-6f2e-46c5-afbc-6b759da47a03": {
      "tagID": "Word pauses_c075efe3-6f2e-46c5-afbc-6b759da47a03",
      "tag": "Word pauses",
      "simpleColor": {
        "r": 0.6000000238418579,
        "g": 0.501960813999176,
        "b": 0.9019607901573181,
        "o": 1.0
      },
      "mainTopicID": "._19a02c2e-f41e-4f29-9faa-2464b627aeee",
      "topicsMap": {
        "._19a02c2e-f41e-4f29-9faa-2464b627aeee": {
          "topicName": ".",
          "topicID": "._19a02c2e-f41e-4f29-9faa-2464b627aeee"
        }
      }
    },
    "Vowels_a483a753-e2ac-4548-9527-7dfd81181bc6": {
      "tagID": "Vowels_a483a753-e2ac-4548-9527-7dfd81181bc6",
      "tag": "Vowels",
      "simpleColor": {
        "r": 0.6000000238418579,
        "g": 0.800000011920929,
        "b": 0.6000000238418579,
        "o": 1.0
      },
      "mainTopicID": "Letter_0ce9fbba-28ef-4167-b93f-7f665671fba0",
      "topicsMap": {
        "Letter_0ce9fbba-28ef-4167-b93f-7f665671fba0": {
          "topicName": "Letter",
          "topicID": "Letter_0ce9fbba-28ef-4167-b93f-7f665671fba0"
        },
        "Vowel_47b5740e-0af3-441f-be63-23e4c1d5c873": {
          "topicName": "Vowel",
          "topicID": "Vowel_47b5740e-0af3-441f-be63-23e4c1d5c873"
        },
        "Correct_d048a481-29c8-4491-a29f-5c7626d53c14": {
          "topicName": "Correct",
          "topicID": "Correct_d048a481-29c8-4491-a29f-5c7626d53c14"
        }
      }
    },
    "Stroke duration": {
      "tagID": "Stroke duration",
      "tag": "Stroke duration",
      "simpleColor": {
        "r": 0.0,
        "g": 0.0,
        "b": 0.0,
        "o": 1.0
      },
      "mainTopicID": "",
      "topicsMap": {}
    },
    "Letters_0980a0eb-bc57-48ef-90b0-ed711894388a": {
      "tagID": "Letters_0980a0eb-bc57-48ef-90b0-ed711894388a",
      "tag": "Letters",
      "simpleColor": {
        "r": 1.0,
        "g": 0.501960813999176,
        "b": 0.501960813999176,
        "o": 1.0
      },
      "mainTopicID": "Letter_3a0e4735-4e25-4000-8252-ce2b30e98c19",
      "topicsMap": {
        "Vowel_6e0678a6-da20-4531-9837-e744811757eb": {
          "topicName": "Vowel",
          "topicID": "Vowel_6e0678a6-da20-4531-9837-e744811757eb"
        },
        "Correct_8e5d25f1-f694-4683-b26b-9c2636ce3b30": {
          "topicName": "Correct",
          "topicID": "Correct_8e5d25f1-f694-4683-b26b-9c2636ce3b30"
        },
        "Letter_3a0e4735-4e25-4000-8252-ce2b30e98c19": {
          "topicName": "Letter",
          "topicID": "Letter_3a0e4735-4e25-4000-8252-ce2b30e98c19"
        }
      }
    },
    "Words_782c0607-47cc-4180-9db8-6f45b83eccec": {
      "tagID": "Words_782c0607-47cc-4180-9db8-6f45b83eccec",
      "tag": "Words",
      "simpleColor": {
        "r": 0.0,
        "g": 1.0,
        "b": 1.0,
        "o": 1.0
      },
      "mainTopicID": "Word_0444e9d0-d16e-4237-a985-d11896cb3e0b",
      "topicsMap": {
        "Spelling correct_516fb296-0ed9-442e-9368-78aa3c752db5": {
          "topicName": "Spelling correct",
          "topicID": "Spelling correct_516fb296-0ed9-442e-9368-78aa3c752db5"
        },
        "Spelling rule_b446136b-f909-437f-9375-c70b4f5799b6": {
          "topicName": "Spelling rule",
          "topicID": "Spelling rule_b446136b-f909-437f-9375-c70b4f5799b6"
        },
        "Word_0444e9d0-d16e-4237-a985-d11896cb3e0b": {
          "topicName": "Word",
          "topicID": "Word_0444e9d0-d16e-4237-a985-d11896cb3e0b"
        }
      }
    }
  }
}