{
  "participants": {
    "lukas2": {
      "ID": "lukas2",
      "pages": [
        {
          "pageID": "",
          "timeLines": {
            "Words_0e81c85f-1bd3-4edc-96d4-cd4ed7ab79a5": [
              {
                "timeStart": 0.0,
                "timeStop": 4799.0,
                "annotationsMap": {
                  "Word": "Manchmal",
                  "difficult": "1"
                }
              },
              {
                "timeStart": 5693.999999999999,
                "timeStop": 8644.0,
                "annotationsMap": {
                  "Word": "träume",
                  "difficult": "2"
                }
              },
              {
                "timeStart": 9370.0,
                "timeStop": 10507.0,
                "annotationsMap": {
                  "Word": "ich",
                  "difficult": "5"
                }
              },
              {
                "timeStart": 10824.0,
                "timeStop": 11893.000000000002,
                "annotationsMap": {
                  "Word": "von",
                  "difficult": "10"
                }
              },
              {
                "timeStart": 12701.0,
                "timeStop": 18336.0,
                "annotationsMap": {
                  "Word": "Schokolade",
                  "difficult": "8882"
                }
              },
              {
                "timeStart": 21213.0,
                "timeStop": 22732.0,
                "annotationsMap": {
                  "Word": "Eine",
                  "difficult": "781"
                }
              },
              {
                "timeStart": 23950.0,
                "timeStop": 25861.999999999996,
                "annotationsMap": {
                  "Word": "Seite",
                  "difficult": "777"
                }
              },
              {
                "timeStart": 26695.0,
                "timeStop": 28350.999999999993,
                "annotationsMap": {
                  "Word": "voll",
                  "difficult": "12"
                }
              },
              {
                "timeStart": 29258.0,
                "timeStop": 37378.0,
                "annotationsMap": {
                  "Word": "Schwachsinn",
                  "difficult": "217"
                }
              }
            ],
            "Letters_1fcb6205-2f04-44e2-b967-4139c1eb5974": [
              {
                "timeStart": 0.0,
                "timeStop": 601.0,
                "annotationsMap": {
                  "Letter": "M",
                  "correct": "1"
                }
              },
              {
                "timeStart": 682.0,
                "timeStop": 1118.0,
                "annotationsMap": {
                  "Letter": "a",
                  "correct": "1"
                }
              },
              {
                "timeStart": 1184.0,
                "timeStop": 1530.0,
                "annotationsMap": {
                  "Letter": "n",
                  "correct": "1"
                }
              },
              {
                "timeStart": 1623.0,
                "timeStop": 1788.0,
                "annotationsMap": {
                  "Letter": "c",
                  "correct": "1"
                }
              },
              {
                "timeStart": 1888.0,
                "timeStop": 2271.0,
                "annotationsMap": {
                  "Letter": "h",
                  "correct": "1"
                }
              },
              {
                "timeStart": 2427.0,
                "timeStop": 2975.0,
                "annotationsMap": {
                  "Letter": "m",
                  "correct": "1"
                }
              },
              {
                "timeStart": 3106.0,
                "timeStop": 3489.0,
                "annotationsMap": {
                  "Letter": "a",
                  "correct": "1"
                }
              },
              {
                "timeStart": 4634.0,
                "timeStop": 4799.0,
                "annotationsMap": {
                  "Letter": "l",
                  "correct": "1"
                }
              }
            ],
            "All a\u0027s_cd0c289a-5824-4aab-b9dc-ec163ce5bf52": [
              {
                "timeStart": 682.0,
                "timeStop": 1118.0,
                "annotationsMap": {
                  "Letter_0": "a",
                  "Difficulty": "1",
                  "Some stat": "Some stat"
                }
              },
              {
                "timeStart": 3106.0,
                "timeStop": 3489.0,
                "annotationsMap": {
                  "Letter_0": "a",
                  "Difficulty": "1",
                  "Some stat": "Some stat"
                }
              }
            ]
          }
        }
      ]
    },
    "lukas3": {
      "ID": "lukas3",
      "pages": [
        {
          "pageID": "",
          "timeLines": {}
        }
      ]
    },
    "lukas": {
      "ID": "lukas",
      "pages": [
        {
          "pageID": "",
          "timeLines": {}
        }
      ]
    },
    "lukas4": {
      "ID": "lukas4",
      "pages": [
        {
          "pageID": "",
          "timeLines": {}
        }
      ]
    }
  },
  "projectTags": {
    "Words_0e81c85f-1bd3-4edc-96d4-cd4ed7ab79a5": {
      "tagID": "Words_0e81c85f-1bd3-4edc-96d4-cd4ed7ab79a5",
      "tag": "Words",
      "simpleColor": {
        "r": 0.0,
        "g": 1.0,
        "b": 1.0,
        "o": 1.0
      },
      "mainTopicID": "Word",
      "topicsMap": {
        "Word": {
          "topicName": "Word",
          "topicID": "Word"
        },
        "difficult": {
          "topicName": "difficult",
          "topicID": "difficult"
        }
      }
    },
    "Letters_1fcb6205-2f04-44e2-b967-4139c1eb5974": {
      "tagID": "Letters_1fcb6205-2f04-44e2-b967-4139c1eb5974",
      "tag": "Letters",
      "simpleColor": {
        "r": 1.0,
        "g": 0.0,
        "b": 1.0,
        "o": 1.0
      },
      "mainTopicID": "Letter",
      "topicsMap": {
        "Letter": {
          "topicName": "Letter",
          "topicID": "Letter"
        },
        "correct": {
          "topicName": "correct",
          "topicID": "correct"
        }
      }
    },
    "All a\u0027s_cd0c289a-5824-4aab-b9dc-ec163ce5bf52": {
      "tagID": "All a\u0027s_cd0c289a-5824-4aab-b9dc-ec163ce5bf52",
      "tag": "All a\u0027s",
      "simpleColor": {
        "r": 1.0,
        "g": 1.0,
        "b": 0.0,
        "o": 1.0
      },
      "mainTopicID": "Some stat",
      "topicsMap": {
        "Letter_0": {
          "topicName": "Letter",
          "topicID": "Letter_0"
        },
        "Difficulty": {
          "topicName": "Difficulty",
          "topicID": "Difficulty"
        },
        "Some stat": {
          "topicName": "Some stat",
          "topicID": "Some stat"
        }
      }
    }
  }
}26e6-4d42-84af-8b864b21c60f": {
          "topicName": "nope",
          "topicID": "nope_1b180741-26e6-4d42-84af-8b864b21c60f"
        }
      }
    },
    "All a\u0027s_cd0c289a-5824-4aab-b9dc-ec163ce5bf52": {
      "tagID": "All a\u0027s_cd0c289a-5824-4aab-b9dc-ec163ce5bf52",
      "tag": "All a\u0027s",
      "simpleColor": {
        "r": 1.0,
        "g": 1.0,
        "b": 0.0,
        "o": 1.0
      },
      "mainTopicID": "Some stat",
      "topicsMap": {
        "Letter_0": {
          "topicName": "Letter",
          "topicID": "Letter_0"
        },
        "Difficulty": {
          "topicName": "Difficulty",
          "topicID": "Difficulty"
        },
        "Some stat": {
          "topicName": "Some stat",
          "topicID": "Some stat"
        }
      }
    }
  }
}