{
  "participants": {
    "Simon": {
      "ID": "Simon",
      "pages": [
        {
          "pageID": "",
          "segmentationsMap": {
            "Stroke duration": [
              {
                "timeStart": 0.0,
                "timeStop": 713.0,
                "annotationsMap": {}
              },
              {
                "timeStart": 1054.0,
                "timeStop": 1677.0,
                "annotationsMap": {}
              },
              {
                "timeStart": 1923.0,
                "timeStop": 2186.0,
                "annotationsMap": {}
              },
              {
                "timeStart": 2533.0,
                "timeStop": 3945.0,
                "annotationsMap": {}
              },
              {
                "timeStart": 4113.0,
                "timeStop": 4863.0,
                "annotationsMap": {}
              },
              {
                "timeStart": 5673.0,
                "timeStop": 6221.0,
                "annotationsMap": {}
              },
              {
                "timeStart": 6387.0,
                "timeStop": 7115.0,
                "annotationsMap": {}
              },
              {
                "timeStart": 7339.0,
                "timeStop": 8015.0,
                "annotationsMap": {}
              },
              {
                "timeStart": 8326.0,
                "timeStop": 10084.0,
                "annotationsMap": {}
              },
              {
                "timeStart": 14930.0,
                "timeStop": 15470.0,
                "annotationsMap": {}
              },
              {
                "timeStart": 15652.0,
                "timeStop": 15788.0,
                "annotationsMap": {}
              },
              {
                "timeStart": 15956.0,
                "timeStop": 16189.0,
                "annotationsMap": {}
              },
              {
                "timeStart": 16278.0,
                "timeStop": 16360.0,
                "annotationsMap": {}
              },
              {
                "timeStart": 16503.0,
                "timeStop": 16758.0,
                "annotationsMap": {}
              },
              {
                "timeStart": 16828.0,
                "timeStop": 17008.0,
                "annotationsMap": {}
              },
              {
                "timeStart": 17229.0,
                "timeStop": 17763.0,
                "annotationsMap": {}
              },
              {
                "timeStart": 17946.0,
                "timeStop": 18674.0,
                "annotationsMap": {}
              },
              {
                "timeStart": 18972.0,
                "timeStop": 20594.0,
                "annotationsMap": {}
              },
              {
                "timeStart": 23780.0,
                "timeStop": 24268.0,
                "annotationsMap": {}
              },
              {
                "timeStart": 24434.0,
                "timeStop": 24764.0,
                "annotationsMap": {}
              },
              {
                "timeStart": 24945.0,
                "timeStop": 26409.0,
                "annotationsMap": {}
              },
              {
                "timeStart": 26507.0,
                "timeStop": 26634.0,
                "annotationsMap": {}
              },
              {
                "timeStart": 26770.0,
                "timeStop": 27198.0,
                "annotationsMap": {}
              },
              {
                "timeStart": 27345.0,
                "timeStop": 28419.0,
                "annotationsMap": {}
              },
              {
                "timeStart": 28535.0,
                "timeStop": 28941.0,
                "annotationsMap": {}
              },
              {
                "timeStart": 31012.0,
                "timeStop": 31628.0,
                "annotationsMap": {}
              },
              {
                "timeStart": 31774.0,
                "timeStop": 32930.0,
                "annotationsMap": {}
              },
              {
                "timeStart": 33108.0,
                "timeStop": 34046.0,
                "annotationsMap": {}
              }
            ]
          }
        }
      ]
    },
    "Isabella": {
      "ID": "Isabella",
      "pages": [
        {
          "pageID": "",
          "segmentationsMap": {
            "Stroke duration": [
              {
                "timeStart": 0.0,
                "timeStop": 413.0,
                "annotationsMap": {}
              },
              {
                "timeStart": 710.0,
                "timeStop": 1025.0,
                "annotationsMap": {}
              },
              {
                "timeStart": 1221.0,
                "timeStop": 1386.0,
                "annotationsMap": {}
              },
              {
                "timeStart": 1996.0,
                "timeStop": 2394.0,
                "annotationsMap": {}
              },
              {
                "timeStart": 2586.0,
                "timeStop": 3082.0,
                "annotationsMap": {}
              },
              {
                "timeStart": 3219.0,
                "timeStop": 3812.0,
                "annotationsMap": {}
              },
              {
                "timeStart": 7559.0,
                "timeStop": 7875.0,
                "annotationsMap": {}
              },
              {
                "timeStart": 8071.0,
                "timeStop": 8642.0,
                "annotationsMap": {}
              },
              {
                "timeStart": 9090.0,
                "timeStop": 9623.0,
                "annotationsMap": {}
              },
              {
                "timeStart": 9763.0,
                "timeStop": 10289.0,
                "annotationsMap": {}
              },
              {
                "timeStart": 10472.0,
                "timeStop": 10991.0,
                "annotationsMap": {}
              },
              {
                "timeStart": 11199.0,
                "timeStop": 11830.0,
                "annotationsMap": {}
              },
              {
                "timeStart": 15818.0,
                "timeStop": 16448.0,
                "annotationsMap": {}
              },
              {
                "timeStart": 16594.0,
                "timeStop": 16714.0,
                "annotationsMap": {}
              },
              {
                "timeStart": 16847.0,
                "timeStop": 16907.0,
                "annotationsMap": {}
              },
              {
                "timeStart": 17294.0,
                "timeStop": 17700.0,
                "annotationsMap": {}
              },
              {
                "timeStart": 17842.0,
                "timeStop": 18262.0,
                "annotationsMap": {}
              },
              {
                "timeStart": 18453.0,
                "timeStop": 18949.0,
                "annotationsMap": {}
              },
              {
                "timeStart": 20847.0,
                "timeStop": 21350.0,
                "annotationsMap": {}
              },
              {
                "timeStart": 21499.0,
                "timeStop": 21709.0,
                "annotationsMap": {}
              },
              {
                "timeStart": 21855.0,
                "timeStop": 22065.0,
                "annotationsMap": {}
              },
              {
                "timeStart": 22205.0,
                "timeStop": 22700.0,
                "annotationsMap": {}
              },
              {
                "timeStart": 24640.0,
                "timeStop": 25323.0,
                "annotationsMap": {}
              },
              {
                "timeStart": 29167.0,
                "timeStop": 29483.0,
                "annotationsMap": {}
              },
              {
                "timeStart": 29663.0,
                "timeStop": 30054.0,
                "annotationsMap": {}
              },
              {
                "timeStart": 30199.0,
                "timeStop": 31190.0,
                "annotationsMap": {}
              },
              {
                "timeStart": 31311.0,
                "timeStop": 31717.0,
                "annotationsMap": {}
              },
              {
                "timeStart": 32028.0,
                "timeStop": 32606.0,
                "annotationsMap": {}
              },
              {
                "timeStart": 32732.0,
                "timeStop": 33678.0,
                "annotationsMap": {}
              },
              {
                "timeStart": 33830.0,
                "timeStop": 34183.0,
                "annotationsMap": {}
              },
              {
                "timeStart": 36848.0,
                "timeStop": 37532.0,
                "annotationsMap": {}
              },
              {
                "timeStart": 37671.0,
                "timeStop": 38129.0,
                "annotationsMap": {}
              },
              {
                "timeStart": 38234.0,
                "timeStop": 38737.0,
                "annotationsMap": {}
              },
              {
                "timeStart": 38878.0,
                "timeStop": 39276.0,
                "annotationsMap": {}
              },
              {
                "timeStart": 39393.0,
                "timeStop": 39821.0,
                "annotationsMap": {}
              }
            ],
            "Words_3eee33b4-9e13-4191-95ee-27870dad28f1": [
              {
                "timeStart": 0.0,
                "timeStop": 3812.0000000000005,
                "annotationsMap": {
                  "Spelling Rule_595e5b5c-a1db-43e1-ba57-511db0bf3f80": "-",
                  "Spelling correct_dac9c518-e064-45e0-a847-5105f8e8cf10": "1",
                  "Word_1163180c-cd6d-47ab-976c-5e065860c201": "Hund"
                }
              },
              {
                "timeStart": 7567.0,
                "timeStop": 11830.0,
                "annotationsMap": {
                  "Spelling Rule_595e5b5c-a1db-43e1-ba57-511db0bf3f80": "0",
                  "Spelling correct_dac9c518-e064-45e0-a847-5105f8e8cf10": "1",
                  "Word_1163180c-cd6d-47ab-976c-5e065860c201": "Bagger"
                }
              },
              {
                "timeStart": 15818.000000000002,
                "timeStop": 25323.0,
                "annotationsMap": {
                  "Spelling Rule_595e5b5c-a1db-43e1-ba57-511db0bf3f80": "double consonant (l)",
                  "Spelling correct_dac9c518-e064-45e0-a847-5105f8e8cf10": "no",
                  "Word_1163180c-cd6d-47ab-976c-5e065860c201": "Zitadelle"
                }
              },
              {
                "timeStart": 29167.0,
                "timeStop": 34183.0,
                "annotationsMap": {
                  "Spelling Rule_595e5b5c-a1db-43e1-ba57-511db0bf3f80": "none",
                  "Spelling correct_dac9c518-e064-45e0-a847-5105f8e8cf10": "yes",
                  "Word_1163180c-cd6d-47ab-976c-5e065860c201": "Kaufhaus"
                }
              },
              {
                "timeStart": 36848.0,
                "timeStop": 39821.0,
                "annotationsMap": {
                  "Spelling Rule_595e5b5c-a1db-43e1-ba57-511db0bf3f80": "none",
                  "Spelling correct_dac9c518-e064-45e0-a847-5105f8e8cf10": "yes",
                  "Word_1163180c-cd6d-47ab-976c-5e065860c201": "haben"
                }
              }
            ],
            "Letters_ad3b8992-aff0-4ff5-bd50-3753d1c172d1": [
              {
                "timeStart": 0.0,
                "timeStop": 1385.9999999999998,
                "annotationsMap": {
                  "Letter_c4011656-c65b-4bd8-94f1-d9ab66de363c": "H"
                }
              },
              {
                "timeStart": 1996.0000000000002,
                "timeStop": 2394.0,
                "annotationsMap": {
                  "Letter_c4011656-c65b-4bd8-94f1-d9ab66de363c": "u"
                }
              },
              {
                "timeStart": 2586.0,
                "timeStop": 3082.0000000000005,
                "annotationsMap": {
                  "Letter_c4011656-c65b-4bd8-94f1-d9ab66de363c": "n"
                }
              },
              {
                "timeStart": 3219.0,
                "timeStop": 3812.0000000000005,
                "annotationsMap": {
                  "Letter_c4011656-c65b-4bd8-94f1-d9ab66de363c": "d"
                }
              },
              {
                "timeStart": 7567.0,
                "timeStop": 8642.0,
                "annotationsMap": {
                  "Letter_c4011656-c65b-4bd8-94f1-d9ab66de363c": "B"
                }
              },
              {
                "timeStart": 9090.0,
                "timeStop": 9622.999999999998,
                "annotationsMap": {
                  "Letter_c4011656-c65b-4bd8-94f1-d9ab66de363c": "a"
                }
              },
              {
                "timeStart": 9763.0,
                "timeStop": 10289.0,
                "annotationsMap": {
                  "Letter_c4011656-c65b-4bd8-94f1-d9ab66de363c": "g"
                }
              },
              {
                "timeStart": 10472.0,
                "timeStop": 10991.0,
                "annotationsMap": {
                  "Letter_c4011656-c65b-4bd8-94f1-d9ab66de363c": "g"
                }
              },
              {
                "timeStart": 11199.0,
                "timeStop": 11552.0,
                "annotationsMap": {
                  "Letter_c4011656-c65b-4bd8-94f1-d9ab66de363c": "e"
                }
              },
              {
                "timeStart": 11552.0,
                "timeStop": 11829.692307692307,
                "annotationsMap": {
                  "Letter_c4011656-c65b-4bd8-94f1-d9ab66de363c": "r"
                }
              },
              {
                "timeStart": 15818.000000000002,
                "timeStop": 16448.0,
                "annotationsMap": {
                  "Letter_c4011656-c65b-4bd8-94f1-d9ab66de363c": "Z"
                }
              },
              {
                "timeStart": 16594.0,
                "timeStop": 16907.0,
                "annotationsMap": {
                  "Letter_c4011656-c65b-4bd8-94f1-d9ab66de363c": "i"
                }
              },
              {
                "timeStart": 17294.0,
                "timeStop": 17700.0,
                "annotationsMap": {
                  "Letter_c4011656-c65b-4bd8-94f1-d9ab66de363c": "t"
                }
              },
              {
                "timeStart": 17842.0,
                "timeStop": 18262.0,
                "annotationsMap": {
                  "Letter_c4011656-c65b-4bd8-94f1-d9ab66de363c": "a"
                }
              },
              {
                "timeStart": 18453.0,
                "timeStop": 18949.0,
                "annotationsMap": {
                  "Letter_c4011656-c65b-4bd8-94f1-d9ab66de363c": "d"
                }
              },
              {
                "timeStart": 20847.0,
                "timeStop": 21350.000000000004,
                "annotationsMap": {
                  "Letter_c4011656-c65b-4bd8-94f1-d9ab66de363c": "e"
                }
              },
              {
                "timeStart": 21499.0,
                "timeStop": 21709.0,
                "annotationsMap": {
                  "Letter_c4011656-c65b-4bd8-94f1-d9ab66de363c": "l"
                }
              },
              {
                "timeStart": 21855.0,
                "timeStop": 22065.0,
                "annotationsMap": {
                  "Letter_c4011656-c65b-4bd8-94f1-d9ab66de363c": "l"
                }
              },
              {
                "timeStart": 22205.0,
                "timeStop": 22700.0,
                "annotationsMap": {
                  "Letter_c4011656-c65b-4bd8-94f1-d9ab66de363c": "a"
                }
              },
              {
                "timeStart": 24640.0,
                "timeStop": 25323.0,
                "annotationsMap": {
                  "Letter_c4011656-c65b-4bd8-94f1-d9ab66de363c": "e"
                }
              },
              {
                "timeStart": 29167.0,
                "timeStop": 30054.0,
                "annotationsMap": {
                  "Letter_c4011656-c65b-4bd8-94f1-d9ab66de363c": "K"
                }
              },
              {
                "timeStart": 30199.0,
                "timeStop": 30672.0,
                "annotationsMap": {
                  "Letter_c4011656-c65b-4bd8-94f1-d9ab66de363c": "a"
                }
              },
              {
                "timeStart": 30674.0,
                "timeStop": 31200.0,
                "annotationsMap": {
                  "Letter_c4011656-c65b-4bd8-94f1-d9ab66de363c": "u"
                }
              },
              {
                "timeStart": 31319.0,
                "timeStop": 31717.0,
                "annotationsMap": {
                  "Letter_c4011656-c65b-4bd8-94f1-d9ab66de363c": "f"
                }
              },
              {
                "timeStart": 32028.0,
                "timeStop": 32606.000000000004,
                "annotationsMap": {
                  "Letter_c4011656-c65b-4bd8-94f1-d9ab66de363c": "h"
                }
              },
              {
                "timeStart": 32732.0,
                "timeStop": 33158.0,
                "annotationsMap": {
                  "Letter_c4011656-c65b-4bd8-94f1-d9ab66de363c": "a"
                }
              },
              {
                "timeStart": 33160.0,
                "timeStop": 33760.0,
                "annotationsMap": {
                  "Letter_c4011656-c65b-4bd8-94f1-d9ab66de363c": "u"
                }
              },
              {
                "timeStart": 33830.0,
                "timeStop": 34183.0,
                "annotationsMap": {
                  "Letter_c4011656-c65b-4bd8-94f1-d9ab66de363c": "s"
                }
              },
              {
                "timeStart": 36848.0,
                "timeStop": 37532.0,
                "annotationsMap": {
                  "Letter_c4011656-c65b-4bd8-94f1-d9ab66de363c": "h"
                }
              },
              {
                "timeStart": 37671.0,
                "timeStop": 38129.0,
                "annotationsMap": {
                  "Letter_c4011656-c65b-4bd8-94f1-d9ab66de363c": "a"
                }
              },
              {
                "timeStart": 38234.0,
                "timeStop": 38737.0,
                "annotationsMap": {
                  "Letter_c4011656-c65b-4bd8-94f1-d9ab66de363c": "b"
                }
              },
              {
                "timeStart": 38878.0,
                "timeStop": 39276.0,
                "annotationsMap": {
                  "Letter_c4011656-c65b-4bd8-94f1-d9ab66de363c": "e"
                }
              },
              {
                "timeStart": 39393.0,
                "timeStop": 39821.0,
                "annotationsMap": {
                  "Letter_c4011656-c65b-4bd8-94f1-d9ab66de363c": "n"
                }
              }
            ]
          }
        }
      ]
    },
    "lukas": {
      "ID": "lukas",
      "pages": [
        {
          "pageID": "",
          "segmentationsMap": {
            "Stroke duration": [
              {
                "timeStart": 0.0,
                "timeStop": 218.0,
                "annotationsMap": {}
              },
              {
                "timeStart": 400.0,
                "timeStop": 581.0,
                "annotationsMap": {}
              },
              {
                "timeStart": 664.0,
                "timeStop": 739.0,
                "annotationsMap": {}
              },
              {
                "timeStart": 987.0,
                "timeStop": 1393.0,
                "annotationsMap": {}
              },
              {
                "timeStart": 1461.0,
                "timeStop": 1829.0,
                "annotationsMap": {}
              },
              {
                "timeStart": 1903.0,
                "timeStop": 2264.0,
                "annotationsMap": {}
              },
              {
                "timeStart": 3962.0,
                "timeStop": 4127.0,
                "annotationsMap": {}
              },
              {
                "timeStart": 4276.0,
                "timeStop": 4652.0,
                "annotationsMap": {}
              },
              {
                "timeStart": 4806.0,
                "timeStop": 5174.0,
                "annotationsMap": {}
              },
              {
                "timeStart": 5279.0,
                "timeStop": 5812.0,
                "annotationsMap": {}
              },
              {
                "timeStart": 6074.0,
                "timeStop": 6667.0,
                "annotationsMap": {}
              },
              {
                "timeStart": 6832.0,
                "timeStop": 7079.0,
                "annotationsMap": {}
              },
              {
                "timeStart": 7158.0,
                "timeStop": 7301.0,
                "annotationsMap": {}
              },
              {
                "timeStart": 8485.0,
                "timeStop": 8740.0,
                "annotationsMap": {}
              },
              {
                "timeStart": 8844.0,
                "timeStop": 8934.0,
                "annotationsMap": {}
              },
              {
                "timeStart": 9127.0,
                "timeStop": 9247.0,
                "annotationsMap": {}
              },
              {
                "timeStart": 9341.0,
                "timeStop": 9393.0,
                "annotationsMap": {}
              },
              {
                "timeStart": 11234.0,
                "timeStop": 11400.0,
                "annotationsMap": {}
              },
              {
                "timeStart": 11510.0,
                "timeStop": 11593.0,
                "annotationsMap": {}
              },
              {
                "timeStart": 11738.0,
                "timeStop": 12098.0,
                "annotationsMap": {}
              },
              {
                "timeStart": 12252.0,
                "timeStop": 12927.0,
                "annotationsMap": {}
              },
              {
                "timeStart": 13326.0,
                "timeStop": 13477.0,
                "annotationsMap": {}
              },
              {
                "timeStart": 14402.0,
                "timeStop": 14770.0,
                "annotationsMap": {}
              },
              {
                "timeStart": 21967.0,
                "timeStop": 22147.0,
                "annotationsMap": {}
              },
              {
                "timeStart": 22280.0,
                "timeStop": 22431.0,
                "annotationsMap": {}
              },
              {
                "timeStart": 22501.0,
                "timeStop": 22606.0,
                "annotationsMap": {}
              },
              {
                "timeStart": 22736.0,
                "timeStop": 23119.0,
                "annotationsMap": {}
              },
              {
                "timeStart": 23196.0,
                "timeStop": 23586.0,
                "annotationsMap": {}
              },
              {
                "timeStart": 23661.0,
                "timeStop": 23849.0,
                "annotationsMap": {}
              },
              {
                "timeStart": 23914.0,
                "timeStop": 23989.0,
                "annotationsMap": {}
              },
              {
                "timeStart": 24605.0,
                "timeStop": 24996.0,
                "annotationsMap": {}
              },
              {
                "timeStart": 25086.0,
                "timeStop": 25454.0,
                "annotationsMap": {}
              },
              {
                "timeStart": 25554.0,
                "timeStop": 25914.0,
                "annotationsMap": {}
              },
              {
                "timeStart": 25991.0,
                "timeStop": 26239.0,
                "annotationsMap": {}
              },
              {
                "timeStart": 27999.0,
                "timeStop": 28412.0,
                "annotationsMap": {}
              },
              {
                "timeStart": 28509.0,
                "timeStop": 28862.0,
                "annotationsMap": {}
              },
              {
                "timeStart": 28963.0,
                "timeStop": 29376.0,
                "annotationsMap": {}
              },
              {
                "timeStart": 29494.0,
                "timeStop": 29735.0,
                "annotationsMap": {}
              },
              {
                "timeStart": 29825.0,
                "timeStop": 30170.0,
                "annotationsMap": {}
              }
            ],
            "Words_3eee33b4-9e13-4191-95ee-27870dad28f1": [
              {
                "timeStart": 0.0,
                "timeStop": 2264.0,
                "annotationsMap": {
                  "Spelling Rule_595e5b5c-a1db-43e1-ba57-511db0bf3f80": "none",
                  "Spelling correct_dac9c518-e064-45e0-a847-5105f8e8cf10": "yes",
                  "Word_1163180c-cd6d-47ab-976c-5e065860c201": "Hund"
                }
              },
              {
                "timeStart": 3962.0000000000005,
                "timeStop": 7301.000000000001,
                "annotationsMap": {
                  "Spelling Rule_595e5b5c-a1db-43e1-ba57-511db0bf3f80": "Double consonant (g)",
                  "Spelling correct_dac9c518-e064-45e0-a847-5105f8e8cf10": "yes",
                  "Word_1163180c-cd6d-47ab-976c-5e065860c201": "Bagger"
                }
              },
              {
                "timeStart": 8485.0,
                "timeStop": 14770.0,
                "annotationsMap": {
                  "Spelling Rule_595e5b5c-a1db-43e1-ba57-511db0bf3f80": "Double consonant (l)",
                  "Spelling correct_dac9c518-e064-45e0-a847-5105f8e8cf10": "no",
                  "Word_1163180c-cd6d-47ab-976c-5e065860c201": "Zitadelle"
                }
              },
              {
                "timeStart": 21967.0,
                "timeStop": 26239.000000000004,
                "annotationsMap": {
                  "Spelling Rule_595e5b5c-a1db-43e1-ba57-511db0bf3f80": "none",
                  "Spelling correct_dac9c518-e064-45e0-a847-5105f8e8cf10": "yes",
                  "Word_1163180c-cd6d-47ab-976c-5e065860c201": "Kaufhaus"
                }
              },
              {
                "timeStart": 27999.0,
                "timeStop": 30170.0,
                "annotationsMap": {
                  "Spelling Rule_595e5b5c-a1db-43e1-ba57-511db0bf3f80": "none",
                  "Spelling correct_dac9c518-e064-45e0-a847-5105f8e8cf10": "yes",
                  "Word_1163180c-cd6d-47ab-976c-5e065860c201": "haben"
                }
              }
            ],
            "Letters_ad3b8992-aff0-4ff5-bd50-3753d1c172d1": [
              {
                "timeStart": 0.0,
                "timeStop": 739.0,
                "annotationsMap": {
                  "Letter_c4011656-c65b-4bd8-94f1-d9ab66de363c": "H"
                }
              },
              {
                "timeStart": 987.0,
                "timeStop": 1393.0,
                "annotationsMap": {
                  "Letter_c4011656-c65b-4bd8-94f1-d9ab66de363c": "u"
                }
              },
              {
                "timeStart": 1460.9999999999998,
                "timeStop": 1829.0000000000002,
                "annotationsMap": {
                  "Letter_c4011656-c65b-4bd8-94f1-d9ab66de363c": "n"
                }
              },
              {
                "timeStart": 1903.0,
                "timeStop": 2264.0,
                "annotationsMap": {
                  "Letter_c4011656-c65b-4bd8-94f1-d9ab66de363c": "d"
                }
              },
              {
                "timeStart": 3962.0000000000005,
                "timeStop": 4652.0,
                "annotationsMap": {
                  "Letter_c4011656-c65b-4bd8-94f1-d9ab66de363c": "B"
                }
              },
              {
                "timeStart": 4806.0,
                "timeStop": 5167.0,
                "annotationsMap": {
                  "Letter_c4011656-c65b-4bd8-94f1-d9ab66de363c": "a"
                }
              },
              {
                "timeStart": 5278.999999999999,
                "timeStop": 5811.999999999999,
                "annotationsMap": {
                  "Letter_c4011656-c65b-4bd8-94f1-d9ab66de363c": "g"
                }
              },
              {
                "timeStart": 6073.999999999999,
                "timeStop": 6666.999999999999,
                "annotationsMap": {
                  "Letter_c4011656-c65b-4bd8-94f1-d9ab66de363c": "g"
                }
              },
              {
                "timeStart": 6832.0,
                "timeStop": 7079.000000000001,
                "annotationsMap": {
                  "Letter_c4011656-c65b-4bd8-94f1-d9ab66de363c": "e"
                }
              },
              {
                "timeStart": 7158.0,
                "timeStop": 7301.0,
                "annotationsMap": {
                  "Letter_c4011656-c65b-4bd8-94f1-d9ab66de363c": "r"
                }
              },
              {
                "timeStart": 8485.0,
                "timeStop": 8934.0,
                "annotationsMap": {
                  "Letter_c4011656-c65b-4bd8-94f1-d9ab66de363c": "Z"
                }
              },
              {
                "timeStart": 9127.0,
                "timeStop": 9393.0,
                "annotationsMap": {
                  "Letter_c4011656-c65b-4bd8-94f1-d9ab66de363c": "i"
                }
              },
              {
                "timeStart": 11234.0,
                "timeStop": 11585.0,
                "annotationsMap": {
                  "Letter_c4011656-c65b-4bd8-94f1-d9ab66de363c": "t"
                }
              },
              {
                "timeStart": 11737.999999999998,
                "timeStop": 12097.999999999998,
                "annotationsMap": {
                  "Letter_c4011656-c65b-4bd8-94f1-d9ab66de363c": "a"
                }
              },
              {
                "timeStart": 12252.0,
                "timeStop": 12687.0,
                "annotationsMap": {
                  "Letter_c4011656-c65b-4bd8-94f1-d9ab66de363c": "d"
                }
              },
              {
                "timeStart": 12687.0,
                "timeStop": 12919.0,
                "annotationsMap": {
                  "Letter_c4011656-c65b-4bd8-94f1-d9ab66de363c": "e"
                }
              },
              {
                "timeStart": 13326.0,
                "timeStop": 13477.0,
                "annotationsMap": {
                  "Letter_c4011656-c65b-4bd8-94f1-d9ab66de363c": "l"
                }
              },
              {
                "timeStart": 14402.0,
                "timeStop": 14770.0,
                "annotationsMap": {
                  "Letter_c4011656-c65b-4bd8-94f1-d9ab66de363c": "a"
                }
              },
              {
                "timeStart": 21967.0,
                "timeStop": 22606.000000000004,
                "annotationsMap": {
                  "Letter_c4011656-c65b-4bd8-94f1-d9ab66de363c": "K"
                }
              },
              {
                "timeStart": 22735.999999999996,
                "timeStop": 23119.0,
                "annotationsMap": {
                  "Letter_c4011656-c65b-4bd8-94f1-d9ab66de363c": "a"
                }
              },
              {
                "timeStart": 23195.999999999996,
                "timeStop": 23585.999999999996,
                "annotationsMap": {
                  "Letter_c4011656-c65b-4bd8-94f1-d9ab66de363c": "u"
                }
              },
              {
                "timeStart": 23660.999999999996,
                "timeStop": 23989.0,
                "annotationsMap": {
                  "Letter_c4011656-c65b-4bd8-94f1-d9ab66de363c": "f"
                }
              },
              {
                "timeStart": 24605.0,
                "timeStop": 24988.0,
                "annotationsMap": {
                  "Letter_c4011656-c65b-4bd8-94f1-d9ab66de363c": "h"
                }
              },
              {
                "timeStart": 25086.000000000004,
                "timeStop": 25454.000000000004,
                "annotationsMap": {
                  "Letter_c4011656-c65b-4bd8-94f1-d9ab66de363c": "a"
                }
              },
              {
                "timeStart": 25554.0,
                "timeStop": 25914.0,
                "annotationsMap": {
                  "Letter_c4011656-c65b-4bd8-94f1-d9ab66de363c": "u"
                }
              },
              {
                "timeStart": 25991.000000000004,
                "timeStop": 26239.000000000004,
                "annotationsMap": {
                  "Letter_c4011656-c65b-4bd8-94f1-d9ab66de363c": "s"
                }
              },
              {
                "timeStart": 27999.0,
                "timeStop": 28412.0,
                "annotationsMap": {
                  "Letter_c4011656-c65b-4bd8-94f1-d9ab66de363c": "h"
                }
              },
              {
                "timeStart": 28509.0,
                "timeStop": 28862.0,
                "annotationsMap": {
                  "Letter_c4011656-c65b-4bd8-94f1-d9ab66de363c": "a"
                }
              },
              {
                "timeStart": 28963.0,
                "timeStop": 29376.000000000004,
                "annotationsMap": {
                  "Letter_c4011656-c65b-4bd8-94f1-d9ab66de363c": "b"
                }
              },
              {
                "timeStart": 29494.0,
                "timeStop": 29735.0,
                "annotationsMap": {
                  "Letter_c4011656-c65b-4bd8-94f1-d9ab66de363c": "e"
                }
              },
              {
                "timeStart": 29825.0,
                "timeStop": 30170.0,
                "annotationsMap": {
                  "Letter_c4011656-c65b-4bd8-94f1-d9ab66de363c": "n"
                }
              }
            ]
          }
        }
      ]
    },
    "Jonas": {
      "ID": "Jonas",
      "pages": [
        {
          "pageID": "",
          "segmentationsMap": {
            "Stroke duration": [
              {
                "timeStart": 0.0,
                "timeStop": 578.0,
                "annotationsMap": {}
              },
              {
                "timeStart": 706.0,
                "timeStop": 1142.0,
                "annotationsMap": {}
              },
              {
                "timeStart": 1239.0,
                "timeStop": 1667.0,
                "annotationsMap": {}
              },
              {
                "timeStart": 1782.0,
                "timeStop": 2195.0,
                "annotationsMap": {}
              },
              {
                "timeStart": 8055.0,
                "timeStop": 8303.0,
                "annotationsMap": {}
              },
              {
                "timeStart": 8518.0,
                "timeStop": 8976.0,
                "annotationsMap": {}
              },
              {
                "timeStart": 9171.0,
                "timeStop": 9546.0,
                "annotationsMap": {}
              },
              {
                "timeStart": 9635.0,
                "timeStop": 10161.0,
                "annotationsMap": {}
              },
              {
                "timeStart": 10361.0,
                "timeStop": 10931.0,
                "annotationsMap": {}
              },
              {
                "timeStart": 11093.0,
                "timeStop": 11348.0,
                "annotationsMap": {}
              },
              {
                "timeStart": 11430.0,
                "timeStop": 11588.0,
                "annotationsMap": {}
              }
            ]
          }
        },
        {
          "pageID": "",
          "segmentationsMap": {
            "Stroke duration": [
              {
                "timeStart": 0.0,
                "timeStop": 360.0,
                "annotationsMap": {}
              },
              {
                "timeStart": 530.0,
                "timeStop": 628.0,
                "annotationsMap": {}
              },
              {
                "timeStart": 767.0,
                "timeStop": 917.0,
                "annotationsMap": {}
              },
              {
                "timeStart": 1035.0,
                "timeStop": 1117.0,
                "annotationsMap": {}
              },
              {
                "timeStart": 1329.0,
                "timeStop": 1525.0,
                "annotationsMap": {}
              },
              {
                "timeStart": 1612.0,
                "timeStop": 1702.0,
                "annotationsMap": {}
              },
              {
                "timeStart": 1808.0,
                "timeStop": 2184.0,
                "annotationsMap": {}
              },
              {
                "timeStart": 2371.0,
                "timeStop": 3062.0,
                "annotationsMap": {}
              },
              {
                "timeStart": 4271.0,
                "timeStop": 4879.0,
                "annotationsMap": {}
              },
              {
                "timeStart": 4985.0,
                "timeStop": 5285.0,
                "annotationsMap": {}
              },
              {
                "timeStart": 9852.0,
                "timeStop": 10039.0,
                "annotationsMap": {}
              },
              {
                "timeStart": 10198.0,
                "timeStop": 10356.0,
                "annotationsMap": {}
              },
              {
                "timeStart": 10436.0,
                "timeStop": 10564.0,
                "annotationsMap": {}
              },
              {
                "timeStart": 10670.0,
                "timeStop": 11023.0,
                "annotationsMap": {}
              },
              {
                "timeStart": 11084.0,
                "timeStop": 11482.0,
                "annotationsMap": {}
              },
              {
                "timeStart": 11527.0,
                "timeStop": 11737.0,
                "annotationsMap": {}
              },
              {
                "timeStart": 11809.0,
                "timeStop": 11877.0,
                "annotationsMap": {}
              },
              {
                "timeStart": 12537.0,
                "timeStop": 12920.0,
                "annotationsMap": {}
              },
              {
                "timeStart": 13015.0,
                "timeStop": 13361.0,
                "annotationsMap": {}
              },
              {
                "timeStart": 13428.0,
                "timeStop": 13751.0,
                "annotationsMap": {}
              },
              {
                "timeStart": 13850.0,
                "timeStop": 14090.0,
                "annotationsMap": {}
              },
              {
                "timeStart": 16480.0,
                "timeStop": 16976.0,
                "annotationsMap": {}
              },
              {
                "timeStart": 17098.0,
                "timeStop": 17488.0,
                "annotationsMap": {}
              },
              {
                "timeStart": 17625.0,
                "timeStop": 18023.0,
                "annotationsMap": {}
              },
              {
                "timeStart": 18120.0,
                "timeStop": 18376.0,
                "annotationsMap": {}
              },
              {
                "timeStart": 18449.0,
                "timeStop": 18817.0,
                "annotationsMap": {}
              }
            ]
          }
        }
      ]
    }
  },
  "projectTags": {
    "Stroke duration": {
      "tagID": "Stroke duration",
      "tag": "Stroke duration",
      "simpleColor": {
        "r": 0.0,
        "g": 0.0,
        "b": 0.0,
        "o": 1.0
      },
      "mainTopicID": "",
      "topicsMap": {}
    },
    "Words_3eee33b4-9e13-4191-95ee-27870dad28f1": {
      "tagID": "Words_3eee33b4-9e13-4191-95ee-27870dad28f1",
      "tag": "Words",
      "simpleColor": {
        "r": 0.0,
        "g": 1.0,
        "b": 1.0,
        "o": 1.0
      },
      "mainTopicID": "Word_1163180c-cd6d-47ab-976c-5e065860c201",
      "topicsMap": {
        "Spelling Rule_595e5b5c-a1db-43e1-ba57-511db0bf3f80": {
          "topicName": "Spelling Rule",
          "topicID": "Spelling Rule_595e5b5c-a1db-43e1-ba57-511db0bf3f80"
        },
        "Spelling correct_dac9c518-e064-45e0-a847-5105f8e8cf10": {
          "topicName": "Spelling correct",
          "topicID": "Spelling correct_dac9c518-e064-45e0-a847-5105f8e8cf10"
        },
        "Word_1163180c-cd6d-47ab-976c-5e065860c201": {
          "topicName": "Word",
          "topicID": "Word_1163180c-cd6d-47ab-976c-5e065860c201"
        }
      }
    },
    "Letters_ad3b8992-aff0-4ff5-bd50-3753d1c172d1": {
      "tagID": "Letters_ad3b8992-aff0-4ff5-bd50-3753d1c172d1",
      "tag": "Letters",
      "simpleColor": {
        "r": 0.6000000238418579,
        "g": 0.7019608020782471,
        "b": 1.0,
        "o": 1.0
      },
      "mainTopicID": "Letter_c4011656-c65b-4bd8-94f1-d9ab66de363c",
      "topicsMap": {
        "Letter_c4011656-c65b-4bd8-94f1-d9ab66de363c": {
          "topicName": "Letter",
          "topicID": "Letter_c4011656-c65b-4bd8-94f1-d9ab66de363c"
        }
      }
    }
  }
}